,2012_01_27T14_53_13_coda,2012_01_27T14_53_13_envelope,2022_03_12T17_03_22_coda,2022_03_12T17_03_22_envelope,2023_03_22T14_50_33_coda,2023_03_22T14_50_33_envelope,2012_12_30T23_35_02_coda,2012_12_30T23_35_02_envelope
FAGN,5.587727334876264e-09,1.686536831657229e-09,2.4533653412743e-09,9.412634978376399e-10,0.0,0.0,0.0,0.0
FDMO,4.096508891232969e-09,1.0272531806036827e-09,1.7330801671980475e-10,8.599543918445289e-11,1.1713571516925975e-10,1.5308356797947904e-10,0.0,0.0
TRIB,6.8662090019983895e-09,2.171771560899857e-09,0.0,0.0,0.0,0.0,0.0,0.0
DOI,3.577427969475938e-09,1.186706311242382e-09,0.0,0.0,0.0,0.0,3.959730185551371e-10,7.548354532867205e-10
MTSN,2.4203604942762152e-09,7.864248193267572e-10,0.0,0.0,0.0,0.0,0.0,0.0
MCRV,2.2370897478439088e-09,6.67619385642169e-10,0.0,0.0,0.0,0.0,0.0,0.0
PF03,2.293143125624954e-09,8.18206992769717e-10,0.0,0.0,0.0,0.0,0.0,0.0
OG35,2.725393759374436e-09,7.767424978367282e-10,0.0,0.0,0.0,0.0,2.4310404314790605e-10,6.218154860543792e-10
POFI,3.459486615858497e-09,8.001455349845869e-10,0.0,0.0,0.0,0.0,0.0,0.0
ROBS,4.214754885730399e-09,1.156848470266001e-09,3.6866180376106415e-10,1.2295423317347832e-10,2.748758727513816e-10,3.6077930889237207e-10,0.0,0.0
TNS,9.271571773260417e-09,2.496306019735288e-09,0.0,0.0,0.0,0.0,0.0,0.0
PF11B,5.493035962765447e-09,1.70180329957055e-09,0.0,0.0,0.0,0.0,0.0,0.0
ZUR,6.080537470492577e-09,2.174268591504972e-09,6.7807528719265425e-09,5.904953352859686e-10,0.0,0.0,6.659513854407289e-10,1.7270241645510954e-09
STV,2.3607616315212328e-09,7.083925216982385e-10,0.0,0.0,2.19681662848423e-10,2.8238834737960456e-10,2.892026614678256e-10,5.197154565820342e-10
PF04,1.8230438975550598e-09,7.110646716440595e-10,0.0,0.0,0.0,0.0,0.0,0.0
ROHR,8.174833601019588e-09,2.453879217954361e-09,0.0,0.0,0.0,0.0,0.0,0.0
FNEB,7.672445542499768e-09,2.760914796542131e-09,1.804489413732e-09,9.561250347732592e-10,1.031629999445602e-09,1.3307277870694303e-09,0.0,0.0
GED4,1.0484764794564779e-10,2.886908782638163e-11,0.0,0.0,0.0,0.0,0.0,0.0
DOU,5.642100033037793e-09,1.7823846211823402e-09,0.0,0.0,7.230151190228424e-10,9.91038837337742e-10,7.877332761210351e-10,2.9321681267250037e-09
CONA,9.011104952134406e-09,2.607582951259603e-09,0.0,0.0,7.587247098037011e-10,1.020826228431201e-09,0.0,0.0
RMP,1.0612274871813934e-08,5.357203430473828e-09,0.0,0.0,0.0,0.0,0.0,0.0
PY12B,2.2468103507970242e-09,9.294133996944155e-10,0.0,0.0,0.0,0.0,2.857651222602009e-10,6.431569053482307e-10
PLN,1.0937391282670844e-08,2.6859215622324704e-09,0.0,0.0,0.0,0.0,0.0,0.0
PTRJ,2.175943150714276e-09,6.777751182863041e-10,0.0,0.0,0.0,0.0,0.0,0.0
MTT2,2.6544039377061083e-09,9.060450700779003e-10,0.0,0.0,0.0,0.0,0.0,0.0
MIDA,1.447388944929934e-09,4.3102707149944176e-10,0.0,0.0,0.0,0.0,0.0,0.0
PF02,2.249772670165057e-09,6.904243392952809e-10,0.0,0.0,0.0,0.0,0.0,0.0
KBA,5.687961438334273e-09,1.8727050252324244e-09,6.210123776281494e-10,1.7945780551478594e-10,4.4507170292327207e-10,5.64754505811921e-10,0.0,0.0
SGRT,4.703175049929643e-09,1.540002039063177e-09,0.0,0.0,0.0,0.0,0.0,0.0
GRB3,1.6259295410656057e-08,4.462717639653909e-09,0.0,0.0,0.0,0.0,0.0,0.0
GRB2,1.6822267176524726e-08,4.813346778357053e-09,0.0,0.0,0.0,0.0,0.0,0.0
GIUL,2.1585986358180793e-09,6.24464859756676e-10,0.0,0.0,0.0,0.0,0.0,0.0
WERN,7.183780450426796e-09,2.579924780216608e-09,0.0,0.0,0.0,0.0,0.0,0.0
ARCI,9.83033284910847e-10,3.6101442411377187e-10,1.6738337358478278e-10,8.252132567725149e-11,9.00870410105498e-11,1.1558560024548834e-10,0.0,0.0
VULT,7.57559071947333e-09,2.09854775426348e-09,0.0,0.0,0.0,0.0,0.0,0.0
SSFR,2.908448348068454e-09,8.631572310538553e-10,4.551019435848299e-10,2.2861862378391208e-10,7.337080654283362e-10,9.45529275213681e-10,0.0,0.0
VITZ,1.5141030784424142e-08,4.709112190768823e-09,0.0,0.0,0.0,0.0,0.0,0.0
SATI,5.171005544959539e-09,1.3356558863021147e-09,0.0,0.0,0.0,0.0,3.403584223417364e-10,1.0550702305600531e-09
GEB4,1.0844667810760756e-10,3.1071939581123923e-11,0.0,0.0,0.0,0.0,0.0,0.0
RUSF,2.767325745628738e-09,8.952008739345063e-10,0.0,0.0,5.173015181566273e-10,6.63662487255536e-10,5.520034178660111e-10,9.080047273022719e-10
PY23,4.452964659293264e-09,1.468089053379461e-09,0.0,0.0,0.0,0.0,0.0,0.0
PY37,2.819697874762848e-09,1.1179649510333602e-09,0.0,0.0,0.0,0.0,0.0,0.0
EMV,2.266502308948072e-09,8.74755009639753e-10,0.0,0.0,0.0,0.0,0.0,0.0
GRC2,1.2238505340678248e-08,4.3500461096873776e-09,0.0,0.0,0.0,0.0,0.0,0.0
TORNY,5.013358216953689e-09,1.432604529484022e-09,0.0,0.0,0.0,0.0,0.0,0.0
FVI,6.240900471600707e-09,1.7855664596342435e-09,5.273617637156555e-10,1.2920229765733772e-10,0.0,0.0,0.0,0.0
ABTA,6.038336641019899e-09,1.991318383083282e-09,4.629891145038161e-10,1.5088607238785311e-10,6.849763425679273e-10,8.805942450150485e-10,0.0,0.0
EMBD,2.888119013171817e-09,9.229865784046547e-10,0.0,0.0,0.0,0.0,2.5776240897366007e-10,7.009894326817301e-10
SNAL,7.559402620145106e-09,2.2641031424637798e-09,0.0,0.0,0.0,0.0,0.0,0.0
MOZS,4.913736505141331e-09,1.510924301336713e-09,5.00214306219221e-10,1.6674234531145448e-10,4.2693760659609236e-10,5.563466808563268e-10,0.0,0.0
GEC1,1.1530936744240516e-10,3.517221006987444e-11,0.0,0.0,0.0,0.0,0.0,0.0
PERS,3.9713944585911264e-09,1.222369832009416e-09,0.0,0.0,4.1212775801137964e-10,5.443702516636581e-10,0.0,0.0
HWTS,1.0360791406785242e-08,2.572147189509645e-09,0.0,0.0,0.0,0.0,0.0,0.0
NEUB,2.193293414396665e-08,5.131293827571241e-09,0.0,0.0,0.0,0.0,0.0,0.0
PY16,3.542980120106183e-09,1.196328451818564e-09,0.0,0.0,0.0,0.0,0.0,0.0
PF05,3.595814276953973e-09,1.2827337093817495e-09,0.0,0.0,0.0,0.0,0.0,0.0
VVLD,2.7304375438446277e-09,7.4351607206264e-10,0.0,0.0,0.0,0.0,0.0,0.0
ECH,5.381846590360348e-09,1.5486161834596992e-09,9.93317092656022e-10,2.829636828961153e-10,0.0,0.0,7.094374398117679e-10,2.166616218521809e-09
GEC6,1.0730913601895068e-10,3.1062455085985356e-11,0.0,0.0,0.0,0.0,0.0,0.0
GEC4,1.0403889495643415e-10,3.088070030602087e-11,0.0,0.0,0.0,0.0,0.0,0.0
ATPC,4.668775189777504e-09,1.472038614459889e-09,4.948628420979966e-10,3.073216232176884e-10,3.6387532315769393e-10,4.707080469147101e-10,0.0,0.0
PY11B,3.5854693615715353e-09,1.360725681704657e-09,0.0,0.0,0.0,0.0,0.0,0.0
SCHF,6.722758160297089e-09,1.972813004739816e-09,0.0,0.0,0.0,0.0,0.0,0.0
GRA1,1.973009358845209e-08,5.503227060817946e-09,2.049458714831125e-09,7.48684449510626e-10,2.641346737632811e-09,3.4083248338035476e-09,0.0,0.0
FETA,5.5184399656938825e-09,1.631856124107712e-09,3.7625665877232336e-10,1.259882355420702e-10,3.4452425749713905e-10,4.6041856872195176e-10,0.0,0.0
TRTR,2.6946861377500563e-08,1.3333679919430384e-08,0.0,0.0,0.0,0.0,0.0,0.0
LNSS,3.8604997311669594e-09,1.1937637845474415e-09,8.528269070876255e-10,5.265961490395837e-10,0.0,0.0,0.0,0.0
PF01,1.7355530623811383e-09,5.70249284850722e-10,0.0,0.0,0.0,0.0,0.0,0.0
NRCA,3.508366909858499e-09,9.861811360362046e-10,2.9503491983884827e-10,2.064365791356526e-10,0.0,0.0,0.0,0.0
MOA,7.59739381967592e-09,2.3584298151061647e-09,7.539285884408027e-10,1.74063462237257e-10,5.744032969264417e-10,7.669833389525857e-10,0.0,0.0
SMPL,1.4052363711798703e-09,4.345505745830254e-10,9.273523417865023e-10,4.6166649496306837e-10,1.0977085136599552e-10,1.2940355044830334e-10,2.6720700670026675e-10,3.206643986262448e-10
UBBA,4.8468652615837285e-09,1.5643290078775431e-09,0.0,0.0,0.0,0.0,0.0,0.0
ROSI,9.141878229188305e-09,2.6657869343032404e-09,6.855547915197226e-10,3.0036285866478393e-10,8.555096763724893e-10,1.1252679947641996e-09,0.0,0.0
CLL,1.1023771508903693e-08,2.86178118739549e-09,0.0,0.0,0.0,0.0,0.0,0.0
PY05,1.810295620676878e-09,6.04877055976395e-10,0.0,0.0,0.0,0.0,0.0,0.0
WBB,0.6440458065474639,0.1867399576307055,0.0,0.0,0.0,0.0,0.0,0.0
NARO,1.5267247216025624e-09,4.0914210508707287e-10,1.2481990376425659e-10,7.817879202746199e-11,2.2589931962167926e-10,2.1297499286640107e-10,0.0,0.0
TRI,4.257835816461947e-09,1.2211118735753023e-09,0.0,0.0,0.0,0.0,0.0,0.0
VAGA,3.773102381892426e-09,1.104410859112434e-09,0.0,0.0,0.0,0.0,0.0,0.0
GRC1,1.4402275626225185e-08,4.078798991252647e-09,0.0,0.0,0.0,0.0,0.0,0.0
GRA2,1.1403463729524546e-08,3.992486263089407e-09,0.0,0.0,0.0,0.0,0.0,0.0
INTR,4.365001710647534e-09,1.3057729558350971e-09,0.0,0.0,0.0,0.0,0.0,0.0
GRB5,1.3122649325978633e-08,4.177003738113132e-09,0.0,0.0,0.0,0.0,0.0,0.0
FIAM,3.598014482373824e-09,1.121170292726045e-09,5.32455259298523e-10,3.151116175786072e-10,0.0,0.0,0.0,0.0
FIESA,3.6983243888645755e-09,1.4180756592418942e-09,0.0,0.0,0.0,0.0,3.754897940820216e-10,1.0943671846670894e-09
GEC7,1.0930935774622448e-10,3.510654263965503e-11,0.0,0.0,0.0,0.0,0.0,0.0
ABSI,9.14697695959623e-09,3.010723647002006e-09,8.261410898162991e-10,2.1529246168657907e-10,7.442460726253671e-10,9.75242373094249e-10,0.0,0.0
GRA3,1.3997579389035333e-08,4.15615977724061e-09,0.0,0.0,0.0,0.0,0.0,0.0
CADS,5.880653622934418e-09,1.9237901038699046e-09,5.198420564554577e-10,1.7661912729382228e-10,4.830923038698204e-10,6.214205033961777e-10,0.0,0.0
MUO,6.9364078096250705e-09,1.9964761608831166e-09,0.0,0.0,0.0,0.0,4.1245722752806675e-10,1.118767483565612e-09
CERA,6.710881677400571e-09,2.429319425821977e-09,0.0,0.0,0.0,0.0,0.0,0.0
JAVS,5.664985301873922e-09,1.6140663412884403e-09,4.3541456606018567e-10,2.0748855120774072e-10,3.0416716684971304e-10,3.9156388614362365e-10,0.0,0.0
GED2,1.1828245946193843e-10,3.477746455357931e-11,0.0,0.0,0.0,0.0,0.0,0.0
PE03,1.8548719748327038e-09,6.809479732775103e-10,0.0,0.0,0.0,0.0,0.0,0.0
VISS,4.078352169833568e-09,1.1141194769025331e-09,3.1797093712881147e-10,1.0715478978454667e-10,2.843357281082568e-10,3.7672159058353856e-10,0.0,0.0
PE07,2.882025595272538e-09,9.99475216677316e-10,0.0,0.0,0.0,0.0,0.0,0.0
MLFH,6.964542210174068e-09,2.3139155225082363e-09,0.0,0.0,0.0,0.0,0.0,0.0
GRB4,1.6891532317043515e-08,5.045499504948196e-09,0.0,0.0,0.0,0.0,0.0,0.0
LAV9,3.4662875584332886e-08,1.3729928806205626e-08,0.0,0.0,0.0,0.0,0.0,0.0
CIGN,8.262771346976559e-09,1.8318362335258314e-09,0.0,0.0,0.0,0.0,0.0,0.0
GEB1,1.1486285824588372e-10,3.695049141078359e-11,0.0,0.0,0.0,0.0,0.0,0.0
KOSI,5.563112412289883e-09,2.17217664990773e-09,5.772041527939213e-10,2.4018250584637853e-10,0.0,0.0,0.0,0.0
GED3,1.0995037125591291e-10,3.044237470053819e-11,0.0,0.0,0.0,0.0,0.0,0.0
VNDS,4.345443454712627e-09,1.2249403384642815e-09,3.676043436921872e-10,1.5091095354549366e-10,0.0,0.0,0.0,0.0
OFFI,1.4983366815361608e-08,4.4342035787948145e-09,0.0,0.0,0.0,0.0,0.0,0.0
GRIMS,1.439988859631849e-09,5.44311832802858e-10,0.0,0.0,0.0,0.0,2.0365437532356756e-10,4.590163912509421e-10
ARVD,2.996497643040146e-09,8.22827482614384e-10,3.4816267878589404e-10,1.8990512462548727e-10,1.3404021595643942e-09,1.4208695554638492e-09,0.0,0.0
RSP,3.181812066437068e-09,1.1607594660584235e-09,0.0,0.0,1.8107467521778608e-10,2.430460893453771e-10,3.661305117267102e-10,8.286187178220056e-10
LLS,2.8763573284907156e-09,9.086723175833403e-10,0.0,0.0,0.0,0.0,2.518578905334426e-10,6.59985318311009e-10
RETA,6.032847736720463e-09,1.840522699091025e-09,5.508077125454371e-10,1.8901059259567675e-10,5.298312632466721e-10,6.819881682764498e-10,0.0,0.0
DAVA,7.454190173975887e-09,2.3459986416730275e-09,8.892262555886517e-10,2.64722499410799e-10,6.923177207004441e-10,9.050150144192983e-10,6.560968751005169e-10,2.564753321158713e-09
MOSI,1.2934992047888864e-08,4.033601077308574e-09,1.0996469719461272e-09,3.011516575841772e-10,2.255700164073818e-09,2.983691760931146e-09,0.0,0.0
DOBS,3.556157898984147e-09,1.1420573735190844e-09,4.0921601690343197e-10,1.1285060288675976e-10,4.6022961067790754e-10,5.641510450697768e-10,0.0,0.0
PE16,3.1928220486324756e-09,1.126110470457095e-09,0.0,0.0,0.0,0.0,0.0,0.0
PY09B,4.530637709614888e-09,1.676443878068145e-09,0.0,0.0,0.0,0.0,0.0,0.0
ORT2,2.404757838904245e-09,7.705676436644545e-10,0.0,0.0,0.0,0.0,2.6285101892094054e-10,5.693061627384387e-10
GED6,1.4498935700370188e-10,3.599755934785916e-11,0.0,0.0,0.0,0.0,0.0,0.0
CERT,2.497497599143242e-09,8.434315832834142e-10,0.0,0.0,0.0,0.0,0.0,0.0
PY34B,5.2510609682528145e-09,1.68789757773159e-09,0.0,0.0,0.0,0.0,0.0,0.0
WET,8.634216370493347e-09,2.088869071037833e-09,0.0,0.0,0.0,0.0,0.0,0.0
MOCO,3.4838517754301797e-09,1.0469912050645567e-09,0.0,0.0,0.0,0.0,0.0,0.0
GBAS,3.6248355555018284e-09,9.079913961463758e-10,3.3930229244616955e-10,1.3270395053330594e-10,3.1188891367198357e-10,3.961836483684145e-10,0.0,0.0
LATE,2.2362652494101477e-09,9.096456068056619e-10,8.93950319440641e-10,5.145565270402367e-10,5.083161791885921e-10,6.354490528432458e-10,0.0,0.0
CAFR,2.0112495871245696e-08,7.296795036280119e-09,0.0,0.0,0.0,0.0,0.0,0.0
GRB1,1.6303501560349112e-08,4.7018625509043124e-09,0.0,0.0,0.0,0.0,0.0,0.0
GROS,3.74914930135548e-09,1.219662520728585e-09,3.775697457759082e-10,1.152936388820458e-10,3.6944289366921735e-10,4.896239999241809e-10,0.0,0.0
WIMIS,2.954959013855606e-09,1.1547657874055703e-09,0.0,0.0,0.0,0.0,3.60820941048512e-10,9.560070327086731e-10
AQU,6.501643422170017e-09,2.2194223369578632e-09,0.0,0.0,0.0,0.0,0.0,0.0
MCEL,2.526172579564234e-09,7.217356754973467e-10,0.0,0.0,0.0,0.0,0.0,0.0
STU,9.969843432615132e-09,3.924122096000043e-09,2.4110394310172433e-09,1.308404645847609e-09,3.592064180562428e-09,4.742044429228236e-09,0.0,0.0
GED7,1.047482013525366e-10,3.055879101966919e-11,0.0,0.0,0.0,0.0,0.0,0.0
KHC,6.959117400988512e-09,1.931440923771629e-09,8.520247275104071e-10,1.7149606634126703e-10,2.653615080640845e-10,3.3025043879357943e-10,0.0,0.0
MYKA,4.170184889503793e-09,1.3945970113475443e-09,5.88993483681533e-10,2.2915170730855643e-10,3.5211829582431296e-10,4.726480102518617e-10,0.0,0.0
KLAUS,4.5414186425290985e-09,1.506244945231296e-09,1.944582968129641e-09,4.942632467348921e-10,1.5647216615376304e-09,1.983127039927844e-09,6.30115499216353e-10,2.882456712725334e-09
PE09,2.4418797211062683e-09,9.938765022024195e-10,0.0,0.0,0.0,0.0,0.0,0.0
PE15,1.9017454758639262e-09,8.089216647701233e-10,0.0,0.0,0.0,0.0,0.0,0.0
BRANT,8.143133608752681e-09,2.128446838527235e-09,0.0,0.0,0.0,0.0,8.148886796584664e-10,2.186686379174635e-09
TOLF,1.456932905997931e-09,5.220987768527331e-10,1.4439569649146224e-09,7.674204847636976e-10,0.0,0.0,0.0,0.0
CDRU,1.813106766672331e-09,4.939617382231234e-10,0.0,0.0,0.0,0.0,0.0,0.0
PF09,3.374260447757168e-09,1.1123491549765003e-09,0.0,0.0,0.0,0.0,0.0,0.0
PY35B,3.044451797339666e-09,9.754706887385815e-10,0.0,0.0,0.0,0.0,3.8410651974084926e-10,7.552910424420085e-10
GEB3,1.0649885756975522e-10,3.0646498945857327e-11,0.0,0.0,0.0,0.0,0.0,0.0
PY30,1.924734143155353e-09,4.986890498910728e-09,0.0,0.0,0.0,0.0,2.470609297537714e-10,5.618783710569121e-10
BALST,7.216236834843176e-09,2.222654679126716e-09,0.0,0.0,0.0,0.0,6.851422473246494e-10,2.2704053364687194e-09
TRBF,4.863424600079562e-09,1.653455797855583e-09,1.5123683428728523e-09,5.16900854338379e-10,0.0,0.0,5.232175393474497e-10,1.4423212648802993e-09
LAUCH,3.593176510682385e-09,1.291671661082091e-09,0.0,0.0,0.0,0.0,3.461774525292201e-10,9.387757120153547e-10
GED9,1.271163833394196e-10,3.505404917387289e-11,0.0,0.0,0.0,0.0,0.0,0.0
PF15,2.716582245175526e-09,1.149740391348621e-09,0.0,0.0,0.0,0.0,0.0,0.0
SGG,3.491098429696822e-09,8.776632010935376e-10,0.0,0.0,0.0,0.0,0.0,0.0
SULZ,1.1056646908787112e-08,3.689286268287219e-09,1.465707130167621e-09,4.773761539498735e-10,0.0,0.0,9.699285301755052e-10,3.0226810095967535e-09
WBG,0.9803441494766332,0.2670398081263969,0.0,0.0,0.0,0.0,0.0,0.0
STAL,5.901097884313565e-09,1.7534947698850615e-09,0.0,0.0,0.0,0.0,0.0,0.0
BFO,5.821420704298936e-09,2.177603008630776e-09,5.933659698685146e-10,1.6719131291400736e-10,0.0,0.0,6.227103817827492e-10,2.4691819959199244e-09
TREC,6.447884876423563e-09,1.951580688658788e-09,0.0,0.0,5.548124064192999e-10,1.0305418397805694e-09,0.0,0.0
GRC3,1.2507352245491232e-08,3.579213015164294e-09,0.0,0.0,0.0,0.0,0.0,0.0
GED5,1.2379123557111327e-10,3.133628983048574e-11,0.0,0.0,0.0,0.0,0.0,0.0
ACOM,6.923429299977031e-09,2.173998524975838e-09,2.6726156031944003e-10,9.213393804056659e-11,2.2770889416097638e-10,3.013384929971421e-10,0.0,0.0
NKC,1.0958818301477104e-08,3.0321778822989358e-09,0.0,0.0,3.2009630870161126e-10,4.1529977407085716e-10,0.0,0.0
PALZ,1.5538263181198662e-08,4.914469185985955e-09,0.0,0.0,0.0,0.0,0.0,0.0
GCIS,2.6385159157661523e-09,7.728209606501414e-10,0.0,0.0,3.2535055431839776e-10,4.100940535064839e-10,0.0,0.0
ABG1,1.0308173585701053e-08,3.052166315898164e-09,0.0,0.0,0.0,0.0,0.0,0.0
GBRS,3.838979305928045e-09,1.137814626644828e-09,3.135510732642737e-10,1.4483045800046847e-10,1.954802324767273e-10,2.6222108834379545e-10,0.0,0.0
PVCC,1.810085282716465e-08,5.1361730439958535e-09,0.0,0.0,7.568840755023888e-10,1.0035642931604066e-09,0.0,0.0
TIEF,6.9344204672637394e-09,2.397034532856143e-09,0.0,0.0,0.0,0.0,0.0,0.0
HGN,3.1443105490449836e-09,1.1008983108629232e-09,7.884213554773752e-10,2.2832016424620342e-10,5.413418533689852e-10,7.436884876604535e-10,0.0,0.0
MODR,2.0887976580372038e-09,7.488442473208687e-10,0.0,0.0,0.0,0.0,0.0,0.0
PY28,4.551684243539578e-09,1.587588646626887e-09,0.0,0.0,0.0,0.0,0.0,0.0
BRMO,3.3200094586580877e-09,1.2335386266705794e-09,4.3964740000615446e-10,1.882157622520796e-10,5.471013653947732e-10,7.363102561649661e-10,2.7395906373848885e-10,7.482020431798248e-10
ZAG,2.9403174691701085e-08,1.1613235573999434e-08,0.0,0.0,0.0,0.0,0.0,0.0
GUMA,9.874885685146694e-09,2.569376722214072e-09,3.3886307557968473e-09,1.678468916444689e-09,0.0,0.0,0.0,0.0
ARSA,6.596326972344574e-09,2.123214227505793e-09,0.0,0.0,7.469881817366201e-10,1.0004786321934e-09,0.0,0.0
SABO,5.658774231444553e-09,1.671853054302402e-09,4.065509454942811e-10,1.8379299798308558e-10,2.0958128647328622e-10,2.6735566247133877e-10,0.0,0.0
PF13,2.6323688738967228e-09,9.300403221554312e-10,0.0,0.0,0.0,0.0,0.0,0.0
TAUT,1.9357305961457937e-08,5.3920013819592934e-09,0.0,0.0,0.0,0.0,0.0,0.0
LDAU,4.8295876641113664e-08,2.018050178238178e-08,0.0,0.0,0.0,0.0,0.0,0.0
GED1,1.2040592037622718e-10,3.200157596297738e-11,0.0,0.0,0.0,0.0,0.0,0.0
ATTE,2.8553175021880714e-09,9.55532263701361e-10,0.0,0.0,0.0,0.0,0.0,0.0
SAIRA,3.140220115503738e-09,1.1300685023451567e-09,0.0,0.0,0.0,0.0,0.0,0.0
PANIX,2.698805264431264e-09,8.702418676073393e-10,2.850516866994473e-10,8.998798324555775e-11,0.0,0.0,2.0829907037206257e-10,7.02198307904464e-10
PTQR,2.4074755458800246e-09,7.81150860204957e-10,7.48734945621481e-10,3.10373583428007e-10,0.0,0.0,0.0,0.0
MRGE,4.923948165810754e-09,1.559845963103844e-09,0.0,0.0,0.0,0.0,4.2630276233879963e-10,1.0907599161619898e-09
WMG,6.210827660276358e-09,1.899856527919452e-09,1.423018310576286e-09,4.4643790851117934e-10,1.2278386442492007e-09,1.6429633821741523e-09,8.394981080986828e-10,4.462504361826274e-09
SLCN,3.390903721154146e-09,1.1169652774786048e-09,0.0,0.0,0.0,0.0,0.0,0.0
AVP,5.6505992254751305e-09,1.939329887877153e-09,0.0,0.0,1.3112393085499352e-09,1.7353899629851763e-09,7.768326679511572e-10,1.756783683226596e-09
CSNA,9.204460160269154e-09,2.549577580346108e-09,0.0,0.0,7.216048574515972e-10,9.732905939626863e-10,0.0,0.0
SNTG,3.101397178265297e-09,9.727620757435652e-10,3.052079769308748e-10,1.6676401745026348e-10,2.044267359651267e-09,2.602494920562318e-09,0.0,0.0
POSS,1.1617710629533436e-08,3.395478090778945e-09,0.0,0.0,0.0,0.0,0.0,0.0
SCHD,8.010949584376593e-09,2.5740899461582342e-09,0.0,0.0,0.0,0.0,0.0,0.0
MMK,2.584685653718891e-09,8.86242075595335e-10,0.0,0.0,0.0,0.0,2.6332235089749944e-10,6.995960300000309e-10
AIGLE,4.496464923993642e-09,1.32248836779239e-09,0.0,0.0,0.0,0.0,3.898949557992799e-10,9.91126782287755e-10
GORS,4.929611234782169e-09,1.459038621915402e-09,3.722192268506479e-10,1.1821069981626343e-10,3.1580608275465147e-10,4.0157516295497186e-10,0.0,0.0
FSSB,2.792012421296829e-09,1.1015179374251899e-09,0.0,0.0,0.0,0.0,0.0,0.0
GEC3,1.0586396566510816e-10,3.1875327424618467e-11,0.0,0.0,0.0,0.0,0.0,0.0
PF12,4.0801973293705755e-09,1.1986779727741718e-09,0.0,0.0,0.0,0.0,0.0,0.0
MTCE,5.171517606697046e-09,2.600918607709136e-09,9.875132210760076e-10,5.74027102502142e-10,0.0,0.0,0.0,0.0
POLC,3.574310375594485e-09,1.31424891628358e-09,5.565106294932407e-10,2.6628176462847533e-10,8.307993360789343e-10,1.0429730761667198e-09,0.0,0.0
PIEI,2.547564413402047e-09,7.65753318125435e-10,2.7681466872181376e-10,1.3277629938602864e-10,1.95049731055957e-10,2.4918890453352305e-10,0.0,0.0
PTCC,4.8510264530910714e-09,1.3247113413937204e-09,0.0,0.0,3.416820240540105e-10,4.3276920840357434e-10,0.0,0.0
BOJS,4.142875277729446e-09,1.2465381959655279e-09,3.4757494896438517e-10,1.3581424489494055e-10,2.4584846194873025e-10,3.2424639622928615e-10,0.0,0.0
MSAG,6.137365445965851e-09,1.95116116358624e-09,0.0,0.0,0.0,0.0,0.0,0.0
GRC4,1.4341371211750513e-08,5.017045514612876e-09,0.0,0.0,0.0,0.0,0.0,0.0
ATMI,9.946453541594882e-09,3.5798001844525904e-09,1.364797225119142e-09,6.499731123554932e-10,1.3850651584771042e-09,1.6834142022385803e-09,0.0,0.0
HASLI,3.764870875084064e-09,1.2626603033182106e-09,0.0,0.0,0.0,0.0,3.603294574013186e-10,1.0040292343213727e-09
NALPS,1.575252233558881e-09,5.053351113916755e-10,0.0,0.0,0.0,0.0,1.2609198429825226e-10,3.832799043826522e-10
SSB,3.6836508301274764e-09,1.3378075213314031e-09,0.0,0.0,6.612269428464457e-10,8.73985675959458e-10,5.05786279542042e-10,1.2093143117590401e-09
TERO,4.145123648427644e-09,1.0870971642467288e-09,7.388638039499462e-10,4.1429611218358957e-10,0.0,0.0,0.0,0.0
ROM9,2.0967473868677323e-08,1.0058918627765358e-08,0.0,0.0,0.0,0.0,0.0,0.0
MGR,1.9529883872460237e-09,6.02908932286802e-10,0.0,0.0,0.0,0.0,0.0,0.0
PE12,2.144210981801056e-09,9.61797630023802e-10,0.0,0.0,0.0,0.0,0.0,0.0
MOX,8.287382543922157e-09,2.5309457702009427e-09,0.0,0.0,0.0,0.0,0.0,0.0
WILW,2.4519212056770604e-09,8.764517962913412e-10,7.75081730612446e-10,2.7488540488557075e-10,6.297276703237898e-10,8.107140727931806e-10,3.934082669569377e-10,1.8208564233572844e-09
GIMEL,3.2893695613279623e-09,1.0448908419891842e-09,0.0,0.0,0.0,0.0,3.9472521612905395e-10,9.883603898056396e-10
SKDS,3.5135158308769636e-09,1.214420260625328e-09,5.88292933872286e-10,3.093806129441365e-10,2.921228787670312e-10,3.7410375088580253e-10,0.0,0.0
VINO,2.6531870862546487e-09,8.795831801769537e-10,3.1188246651975726e-10,1.1349586208217187e-10,1.6993798352476867e-10,2.3750278926634413e-10,0.0,0.0
PSB1,4.384241791920518e-09,1.433135612333496e-09,0.0,0.0,0.0,0.0,0.0,0.0
GWBC,0.6084680562229475,0.2126571813508398,0.0,0.0,0.0,0.0,0.0,0.0
PY10B,2.673629988722712e-09,1.1805781589006674e-09,0.0,0.0,0.0,0.0,0.0,0.0
GEA1,1.1067383218640136e-10,3.438243983846392e-11,0.0,0.0,0.0,0.0,0.0,0.0
CMPR,1.7093948330601895e-09,5.712432878729863e-10,0.0,0.0,0.0,0.0,0.0,0.0
WLF,8.777057730253388e-09,2.7240402202931393e-09,1.95415087758438e-09,5.326533706629921e-10,1.5051896905816431e-09,1.9391094609919736e-09,1.258588142278108e-09,4.667311241972257e-09
ACER,7.545826714904297e-09,2.257021363664004e-09,0.0,0.0,0.0,0.0,0.0,0.0
PE06,3.1148657799372404e-09,1.359763783438519e-09,0.0,0.0,0.0,0.0,0.0,0.0
BNALP,3.541171127205189e-09,1.1603325902904471e-09,0.0,0.0,0.0,0.0,2.993022769771653e-10,9.876178067933164e-10
CRES,3.66396612231996e-09,1.075436204024432e-09,3.2594044890647525e-10,1.3912803865351126e-10,2.551260478722027e-10,3.278627761907504e-10,0.0,0.0
1980,5.950860113095128e-09,1.924248427380327e-09,0.0,0.0,0.0,0.0,0.0,0.0
PY3AB,2.214910490067938e-09,6.66496904048239e-10,0.0,0.0,0.0,0.0,2.867861647009838e-10,5.988461275599767e-10
CEY,4.0085659407646355e-09,1.3828138729074584e-09,4.3269476157010093e-10,1.7563320082464066e-10,3.975231472862609e-10,4.883588170397583e-10,0.0,0.0
CING,4.023950890511365e-09,1.2393626230253275e-09,0.0,0.0,0.0,0.0,0.0,0.0
GEB2,1.1016518145008134e-10,3.274804580112116e-11,0.0,0.0,0.0,0.0,0.0,0.0
TRIV,1.0223440707976261e-08,2.7005510541395473e-09,0.0,0.0,0.0,0.0,0.0,0.0
WLS,4.840835213144105e-09,1.5734825378393635e-09,1.1629499078220471e-09,3.428771428940678e-10,0.0,0.0,5.639546952136761e-10,2.2693907210650174e-09
GUNZ,1.0508677749777267e-08,2.8525146099436204e-09,0.0,0.0,0.0,0.0,0.0,0.0
GEA3,1.14895624895251e-10,3.2898501953503944e-11,0.0,0.0,0.0,0.0,0.0,0.0
EJON,1.7962340463772551e-09,9.584597215571551e-10,1.4498241071615655e-09,7.225481530187622e-10,2.7674445968010386e-10,3.5887004547892736e-10,2.9148239637307223e-10,5.07269856457573e-10
PY06,1.8797444571587235e-09,6.596586759477585e-10,0.0,0.0,0.0,0.0,0.0,0.0
PESA,1.0013911390723116e-08,3.435916685205032e-09,0.0,0.0,2.1393531594090838e-09,2.718881786046269e-09,0.0,0.0
SJAF,4.613026606969083e-09,2.179032690372248e-09,2.359374067788457e-09,1.2698826856188058e-09,5.011055946021085e-10,6.648188121862563e-10,5.762472970377119e-10,8.640004090096761e-10
MURB,8.323476525683436e-09,2.405417766938451e-09,1.081870339585564e-09,3.5056958839687935e-10,7.219787891162566e-10,9.162199843380487e-10,0.0,0.0
PY27B,8.478241260547626e-09,2.86926481439391e-09,0.0,0.0,0.0,0.0,0.0,0.0
FUORN,3.372472213385564e-09,1.1555087529762563e-09,3.604507000182958e-10,1.0265682497730344e-10,3.1259380187621486e-10,4.060177228740364e-10,2.447826028847359e-10,8.138971726783504e-10
SIMPL,2.730030929466817e-09,1.0095921646490259e-09,0.0,0.0,0.0,0.0,2.6629425611692156e-10,6.969784985431714e-10
OGDI,1.8296180148247598e-09,5.97275786746339e-10,0.0,0.0,1.9150944351305848e-10,2.6234689590413757e-10,2.2650221373403227e-10,4.62650288359449e-10
VDL,3.4141012740982607e-09,1.1003799953075403e-09,4.0570227026527215e-10,1.4854551342045553e-10,2.3227353237385856e-10,3.082068188592385e-10,2.3354230262965603e-10,8.009710357718323e-10
GED8,9.37297708763847e-11,3.118801240382455e-11,0.0,0.0,0.0,0.0,0.0,0.0
PY04,8.555444265554107e-09,2.923024611109975e-09,0.0,0.0,0.0,0.0,0.0,0.0
MOMA,2.661448038250067e-09,7.578170592179355e-10,2.9143449465034265e-10,1.82727964152174e-10,3.0020099727000864e-10,3.8205019736498726e-10,0.0,0.0
CLF,1.3725811916648568e-08,3.8613237489120735e-09,2.7070654989398163e-09,7.611853787811242e-10,1.954810863375664e-09,2.509997465793087e-09,1.2420350165923723e-09,3.7531453990487e-09
SLE,5.107720111692688e-09,1.572062100972815e-09,5.978984735337861e-10,1.9694859577065127e-10,0.0,0.0,5.257779051245069e-10,1.7507819735136131e-09
PY36B,1.795845440440877e-09,6.220025667602701e-10,0.0,0.0,0.0,0.0,0.0,0.0
FBE,4.250046262835161e-08,9.93798099728081e-09,0.0,0.0,0.0,0.0,0.0,0.0
T0104,5.380760224582136e-09,3.6548924663495366e-09,0.0,0.0,0.0,0.0,0.0,0.0
WERD,3.042410093212001e-09,8.01673721859179e-10,0.0,0.0,0.0,0.0,0.0,0.0
LSD,3.6489175835822316e-09,1.0665972845158448e-09,0.0,0.0,0.0,0.0,2.907505065605186e-10,8.23623689177301e-10
GEB5,1.1902534529174112e-10,3.665172434039773e-11,0.0,0.0,0.0,0.0,0.0,0.0
SURF,2.178381515305572e-09,6.043069984591697e-10,0.0,0.0,2.0019818702895567e-10,2.579673329241653e-10,2.176949505756744e-10,3.909711611686957e-10
GRFO,1.490646299846455e-08,4.2936270982107096e-09,1.1051579942466006e-09,3.7491194131038976e-10,1.3421607396988167e-09,1.708109645104147e-09,0.0,0.0
RNI2,6.9917002380865745e-09,1.869413255310156e-09,0.0,0.0,0.0,0.0,0.0,0.0
MELA,9.99008353552753e-09,2.684097187190346e-09,0.0,0.0,0.0,0.0,0.0,0.0
TUE,4.8033974345571585e-09,1.5226138087379987e-09,0.0,0.0,0.0,0.0,5.057656425051459e-10,1.2790567539663554e-09
CESI,2.480858957577092e-09,6.167061629446481e-10,4.3516957285347037e-10,2.347487197456482e-10,2.8109171095037337e-10,3.631227929207066e-10,0.0,0.0
FRES,7.545624218568917e-09,2.1762011234945622e-09,0.0,0.0,0.0,0.0,0.0,0.0
RSL,1.691094604900312e-09,5.563395608847364e-10,0.0,0.0,0.0,0.0,1.6529684972639742e-10,4.336120922748835e-10
PLONS,3.6848815015800923e-09,1.2629375360373495e-09,4.4624541204229736e-10,3.1466080933397275e-10,0.0,0.0,0.0,0.0
PRU,8.900025097530183e-09,2.059360824186193e-09,0.0,0.0,2.613045708977762e-10,3.720020977352572e-10,0.0,0.0
MULD,7.191309342912056e-09,2.508865405859558e-09,0.0,0.0,0.0,0.0,0.0,0.0
LJU,5.365806211032091e-09,1.573548598114162e-09,1.571305253292362e-09,5.585696096585379e-10,1.4917029122656362e-09,1.9129741064298903e-09,0.0,0.0
LIENZ,5.278920348968821e-09,1.7184998066412503e-09,5.166524462485968e-10,1.7430629042782834e-10,0.0,0.0,4.540640207859532e-10,1.7329823944715002e-09
OBKA,5.343585349083872e-09,1.684493418057637e-09,5.038288233182503e-10,1.3789224668498578e-10,5.478671445197642e-10,7.139840343212243e-10,0.0,0.0
AVR,1.9324059973722e-09,6.434548038923724e-10,0.0,0.0,3.1461227378164533e-10,4.1304198448547086e-10,2.325627202217442e-10,5.163574186116558e-10
GEA2,1.1472482876501736e-10,3.458028959706164e-11,0.0,0.0,0.0,0.0,0.0,0.0
WIMM,1.0022922453013261e-08,2.725612080723904e-09,0.0,0.0,0.0,0.0,0.0,0.0
DIX,2.3865381958066957e-09,7.768985375825315e-10,0.0,0.0,0.0,0.0,2.2789116029643612e-10,5.6057211541317e-10
BOSI,4.6247750207366495e-08,2.0193611809519023e-08,0.0,0.0,0.0,0.0,0.0,0.0
SAMA,5.215891567261926e-09,2.787831777874679e-09,0.0,0.0,0.0,0.0,0.0,0.0
OGAG,1.8200542213136167e-09,6.759557353591774e-10,0.0,0.0,2.761070965955636e-10,3.831891390698579e-10,2.4136084658379256e-10,6.356591379737061e-10
PGT2,1.803936523737809e-09,5.463767835715027e-10,0.0,0.0,0.0,0.0,5.282584873875431e-10,5.97858567208272e-10
PY32,1.845482197634899e-09,5.910758147643634e-10,0.0,0.0,0.0,0.0,2.702381637856535e-10,5.191393316043476e-10
PY13,1.60513653545557e-09,6.723773772005457e-10,0.0,0.0,0.0,0.0,2.805091197553502e-10,5.719190742233128e-10
KNDS,5.245905155741138e-09,1.500445962568584e-09,6.135402121716388e-10,2.473838886168138e-10,3.3338156902078375e-10,4.2446902407677807e-10,0.0,0.0
PY31,3.034651857084306e-09,7.345174481914758e-10,0.0,0.0,0.0,0.0,2.3597222038695667e-10,5.277679987824292e-10
LILIE,4.366553202845991e-09,1.612180646410985e-09,1.042109162044482e-09,3.3579409422957616e-10,9.213480228331836e-10,1.2007253185037123e-09,7.30952152370214e-10,3.210261449777853e-09
PF07,3.292640194430714e-09,9.434035955584934e-10,0.0,0.0,0.0,0.0,0.0,0.0
PY39,2.463608135164024e-09,7.056582628769464e-10,0.0,0.0,0.0,0.0,2.5264297894360305e-10,6.056306638516865e-10
PE05,2.072382544731469e-09,7.826825811233501e-10,0.0,0.0,0.0,0.0,0.0,0.0
PZZ,4.3273588190872496e-09,1.350865915033077e-09,0.0,0.0,5.909612672231142e-10,7.423004045040152e-10,5.143871384859354e-10,1.1090253659423576e-09
PZUN,9.240401566801782e-09,4.080059236356739e-09,0.0,0.0,0.0,0.0,0.0,0.0
MRLC,2.866302298600057e-09,8.486327304859323e-10,0.0,0.0,0.0,0.0,0.0,0.0
BNI,2.1927303461579767e-09,7.901331181421095e-10,0.0,0.0,0.0004275056469389,0.0005690570784307,2.574485650473931e-10,6.670281257633494e-10
AHRW,7.8395708635639e-09,2.375720493652501e-09,0.0,0.0,0.0,0.0,0.0,0.0
PY19,2.269440749685449e-09,8.756879822074294e-10,0.0,0.0,0.0,0.0,2.9729835197734283e-10,5.517160551454419e-10
VANNI,3.392961172476221e-09,1.1491071279167723e-09,0.0,0.0,0.0,0.0,3.272411224702961e-10,8.343196504260061e-10
SACR,3.140452430618072e-09,9.64476390037337e-10,0.0,0.0,0.0,0.0,0.0,0.0
PF06,1.5998443885444724e-09,5.70397860151159e-10,0.0,0.0,0.0,0.0,0.0,0.0
BRG,7.748859803157384e-09,1.9622849919794267e-09,0.0,0.0,0.0,0.0,0.0,0.0
SOKA,4.14613866758161e-09,1.3127584474250383e-09,3.565409265377612e-10,1.0055460720486244e-10,3.789665614381806e-10,4.782185066070685e-10,0.0,0.0
MAON,1.9618354394045816e-09,6.771874416908576e-10,0.0,0.0,0.0,0.0,0.0,0.0
PE02,1.8170409789528795e-09,8.704489311828674e-10,0.0,0.0,0.0,0.0,0.0,0.0
HKWD,8.139073528055585e-09,2.3270839474859957e-09,0.0,0.0,0.0,0.0,0.0,0.0
MA9,2.2624327239825507e-08,1.2808458690014402e-08,0.0,0.0,0.0,0.0,0.0,0.0
ATVO,4.792424142752642e-09,1.3233965300727444e-09,4.5931111486136974e-10,1.8260841246117275e-10,3.914611070515432e-10,5.026607577317485e-10,0.0,0.0
PF14,2.758191685802951e-09,1.0158009689031084e-09,0.0,0.0,0.0,0.0,0.0,0.0
WBA,0.7846757782859773,0.2190551460404301,0.0,0.0,0.0,0.0,0.0,0.0
GEPF,2.5597691095899274e-09,7.715074878599638e-10,4.3553651165854727e-10,1.8766906342805554e-10,3.8988668950911005e-10,5.017894595062057e-10,0.0,0.0
GUAR,1.731648841874816e-09,4.671373571125182e-10,5.953411098903099e-10,2.9001662430426636e-10,0.0,0.0,0.0,0.0
GEC5,9.691960293564492e-11,3.123322645290238e-11,0.0,0.0,0.0,0.0,0.0,0.0
CFF,1.1005804075893477e-08,4.275650784705887e-09,9.72920051402754e-09,4.589806603739845e-09,1.2131177558252864e-08,1.5097964006314554e-08,1.177101325256222e-09,2.253317180106685e-09
CRNS,4.033704572005642e-09,1.2715199287534703e-09,5.695741887077206e-10,2.5266377610451256e-10,3.171443649771917e-10,4.126946283694645e-10,0.0,0.0
BOURR,9.966006202558643e-09,2.913389826773505e-09,0.0,0.0,0.0,0.0,9.06808586000651e-10,3.06813773249235e-09
PY29B,2.414435820034748e-09,7.546001929380852e-10,0.0,0.0,0.0,0.0,2.944762198261321e-10,6.353576958790002e-10
ARSD,2.859460704770373e-09,8.657680612310718e-10,7.582413891746172e-10,1.9212016164036832e-10,5.588244341359067e-10,6.559253287749477e-10,4.3858402432466456e-10,1.800785350816163e-09
SENIN,3.133899956287045e-09,9.996309081101402e-10,0.0,0.0,0.0,0.0,3.0088151004357826e-10,8.783027198253962e-10
ATFO,5.071936694687941e-09,1.7111613325912759e-09,6.391821437106305e-10,3.344753763938397e-10,7.703210244157426e-10,9.92874344265526e-10,0.0,0.0
MEM,4.080735767834334e-09,1.2443258978071886e-09,7.91306303698151e-10,2.1884636923555159e-10,5.151739924953266e-10,6.885660116253077e-10,0.0,0.0
SACS,3.110159895391165e-09,1.1611505586356366e-09,4.6140012716482536e-10,2.3705507283342144e-10,3.6561655278366967e-10,4.687927501452554e-10,0.0,0.0
AGOR,1.1521445826097397e-08,2.4181377729666434e-09,2.7568447328805703e-10,1.3618616344225546e-10,3.193944579735793e-10,4.1318353275948137e-10,0.0,0.0
PY18B,3.835513868915622e-09,1.3666603477952035e-09,0.0,0.0,0.0,0.0,0.0,0.0
FUR,1.1371962200606631e-08,4.030731635317411e-09,0.0,0.0,0.0,0.0,0.0,0.0
PF10,6.9325594653802515e-09,2.199294745406709e-09,0.0,0.0,0.0,0.0,0.0,0.0
VOJS,3.9568377166061734e-09,1.375767133780566e-09,4.0549457824422917e-10,1.6075898711820567e-10,3.0316611646091357e-10,4.123918464592601e-10,0.0,0.0
GEA0,1.1526361224272836e-10,3.4317070175781754e-11,0.0,0.0,0.0,0.0,0.0,0.0
FUSIO,3.291666883846269e-09,1.3029315135145875e-09,0.0,0.0,0.0,0.0,2.588320922303484e-10,8.888101298181826e-10
PY38,2.6800978564119307e-09,1.0088110054002315e-09,0.0,0.0,0.0,0.0,3.0165025949168604e-10,7.644739910340459e-10
PY17,5.210641355657201e-09,2.2847330959238433e-09,0.0,0.0,0.0,0.0,0.0,0.0
AOI,2.915664516026172e-09,1.166302032020402e-09,0.0,0.0,6.653467374458027e-10,8.102564283510796e-10,0.0,0.0
DAVOX,2.463139410354973e-09,9.307692950724951e-10,3.1691332926556194e-10,1.0212407504515895e-10,2.619798048293687e-10,3.2748973782981345e-10,3.1063924923645583e-10,8.083113583877762e-10
1982,3.6688053724370775e-08,1.931195680358949e-08,0.0,0.0,0.0,0.0,0.0,0.0
BHB,1.254261100307471e-09,4.432013511892704e-10,0.0,0.0,2.4314394165189966e-10,3.126380048655259e-10,1.265902828060785e-10,2.6534025762110503e-10
BSSO,5.169053590076497e-09,1.3896921764906904e-09,0.0,0.0,0.0,0.0,0.0,0.0
CESX,2.736278711295389e-09,8.909998672093065e-10,6.24461244021253e-10,3.431583979707514e-10,6.04841395623787e-10,7.657187117721212e-10,0.0,0.0
RISI,2.676665015140233e-09,1.1291663823033458e-09,0.0,0.0,0.0,0.0,0.0,0.0
WILA,5.590584204139892e-09,1.870445043011629e-09,7.60154770513402e-10,2.5379978527318277e-10,0.0,0.0,5.200707888861793e-10,1.7974316418898491e-09
BORF,0.0,0.0,5.687671807675457e-10,1.7994515381449375e-10,0.0,0.0,0.0,0.0
CORG,0.0,0.0,3.7790231961853905e-10,1.6987354581132323e-10,0.0,0.0,0.0,0.0
ZVGAR,0.0,0.0,6.044235500552567e-10,2.9198059787366993e-10,0.0,0.0,0.0,0.0
EPF,0.0,0.0,6.269578999601678e-10,2.0723173822645667e-10,5.128537445477771e-10,6.803150588735197e-10,0.0,0.0
VDR,0.0,0.0,2.851898665197061e-10,1.0522396063434059e-10,2.494825548661778e-10,3.0825957114777077e-10,0.0,0.0
RIAF,0.0,0.0,1.000085962278835e-09,2.966396083406289e-10,6.364966952873682e-10,8.070705845146913e-10,0.0,0.0
RONF,0.0,0.0,6.106041137532726e-10,1.64578269527517e-10,0.0,0.0,0.0,0.0
GAGG,0.0,0.0,1.0591407991748027e-10,4.017707827500087e-11,1.0724146555275603e-10,1.366386837468489e-10,0.0,0.0
MABI,0.0,0.0,1.1904575508611824e-09,5.60116472626554e-10,3.3223276314589747e-10,4.685460712854716e-10,2.1902558895770346e-10,6.312239903780947e-10
SARZ,0.0,0.0,2.279745365469008e-09,1.1195744798358814e-09,9.122731529423356e-09,1.1609003223905534e-08,0.0,0.0
FUSE,0.0,0.0,3.224654808959902e-10,1.4395782337055034e-10,0.0,0.0,0.0,0.0
CSNT,0.0,0.0,3.9622095889648087e-10,2.2273173905380638e-10,4.705608197689046e-10,5.550365963876073e-10,0.0,0.0
FNVD,0.0,0.0,7.769676229156541e-10,3.446157536614606e-10,6.795122176143072e-10,8.141738683537964e-10,3.5735286199740526e-10,4.298497190970223e-10
LAJAS,0.0,0.0,7.475161536905676e-10,3.219751513911847e-10,0.0,0.0,0.0,0.0
URDF,0.0,0.0,2.740826407180312e-09,1.1181189883936642e-09,0.0,0.0,0.0,0.0
GENF,0.0,0.0,5.170038087984243e-10,1.6795985925442303e-10,3.1631039793821783e-10,4.12226657346509e-10,0.0,0.0
VIEF,0.0,0.0,1.016801235049823e-09,3.3897253819842375e-10,0.0,0.0,0.0,0.0
NEUF,0.0,0.0,1.3793892956242223e-09,5.778979737430318e-10,1.305060089288407e-09,1.699631423041429e-09,0.0,0.0
SGSF,0.0,0.0,4.682563679117704e-10,1.7763717882190142e-10,3.1741254110039075e-10,4.197939849163658e-10,0.0,0.0
ROTHE,0.0,0.0,7.817489137906217e-10,2.5315660718605576e-10,0.0,0.0,0.0,0.0
CRAS,0.0,0.0,8.652484393924592e-10,2.58221094408848e-10,6.32696249322713e-10,8.575668185577393e-10,0.0,0.0
MSSA,0.0,0.0,3.6650373877502562e-09,1.106450065994795e-09,4.5312554881502933e-10,6.002258698056436e-10,3.6365694065346486e-10,7.460538161680537e-10
OPTB,0.0,0.0,2.089279710584143e-09,7.366305241131514e-10,1.7112918321357291e-09,2.236221337636032e-09,0.0,0.0
CTRE,0.0,0.0,4.74275541380235e-10,1.9660906743955904e-10,0.0,0.0,0.0,0.0
BIOA,0.0,0.0,9.40399994063139e-10,2.6273885306791276e-10,0.0,0.0,0.0,0.0
ORDF,0.0,0.0,8.852564595063592e-10,2.3106267195319307e-10,0.0,0.0,0.0,0.0
ILLF,0.0,0.0,1.7299530177827864e-09,7.902958779490564e-10,0.0,0.0,0.0,0.0
SOMF,0.0,0.0,6.97456759845679e-10,2.2635764382640678e-10,4.412832301055394e-10,6.021218463345312e-10,0.0,0.0
EMING,0.0,0.0,3.3525330857888046e-10,9.91561896361222e-11,0.0,0.0,0.0,0.0
WALHA,0.0,0.0,4.5279476063624536e-10,1.4373354557850502e-10,0.0,0.0,0.0,0.0
BALS,0.0,0.0,1.125608289057077e-09,4.44133730799345e-10,7.897958083134332e-10,1.0699032923383796e-09,0.0,0.0
SALF,0.0,0.0,8.728927280010292e-10,3.1337819967163365e-10,6.786952957251491e-10,9.213257712530201e-10,0.0,0.0
CIMO,0.0,0.0,1.887950349858816e-10,4.7720657566710255e-11,1.3378015573451128e-10,1.7403275851229787e-10,0.0,0.0
BRGF,0.0,0.0,5.133706651422445e-10,1.7154271854581967e-10,3.4822124409618196e-10,4.5474824382429505e-10,0.0,0.0
DOSS,0.0,0.0,3.15581599450128e-10,1.1786963374662508e-10,2.5797009118197676e-10,3.4097672864406047e-10,0.0,0.0
ZCCA,0.0,0.0,8.118721356319476e-10,3.8030587142515517e-10,1.3842657588824636e-09,1.6469459895596263e-09,3.4114986817806335e-10,6.901842801045485e-10
PLRO,0.0,0.0,6.8982114544339e-10,1.6171211185497082e-10,0.0,0.0,0.0,0.0
RUFF,0.0,0.0,1.232354318228937e-09,4.3920705284669805e-10,1.1789171066936886e-09,1.601023762987958e-09,0.0,0.0
A074B,0.0,0.0,3.1388318050424114e-10,7.452452219827719e-11,0.0,0.0,0.0,0.0
CKRC,0.0,0.0,8.666638464885652e-10,1.7638412401349139e-10,2.360075917871334e-10,3.1448666175078875e-10,0.0,0.0
ROMAN,0.0,0.0,7.045907591869117e-10,3.2640322250299803e-10,0.0,0.0,0.0,0.0
RESF,0.0,0.0,8.96113752495821e-10,3.4049393732307873e-10,0.0,0.0,0.0,0.0
OPPE,0.0,0.0,1.4867276461642784e-08,1.2298628918529516e-08,2.5976352858845e-08,3.1840634316870304e-08,0.0,0.0
CRTC,0.0,0.0,1.7907850842359574e-09,1.2218664680944474e-09,9.760910673364064e-10,1.2625040993664826e-09,0.0,0.0
BEGF,0.0,0.0,1.378073841291319e-09,3.433923193127122e-10,8.089940620320378e-10,1.0650805727811651e-09,0.0,0.0
VILS,0.0,0.0,1.0891328578900751e-09,3.7496258494371925e-10,0.0,0.0,0.0,0.0
WTTA,0.0,0.0,6.389821598094481e-10,1.8338065747434523e-10,4.662230551256545e-10,6.140102911743552e-10,0.0,0.0
SAVF,0.0,0.0,7.056725167083944e-10,2.088006169771179e-10,0.0,0.0,0.0,0.0
WATA,0.0,0.0,6.260609014927957e-10,2.21606627850902e-10,9.251178763609657e-10,1.1466669159905804e-09,0.0,0.0
CRMI,0.0,0.0,3.498226490685618e-10,1.8749391623781567e-10,2.984883297843206e-10,3.6823875811744665e-10,4.9093621376578224e-11,8.569471590935204e-11
CBRU,0.0,0.0,7.916149881169154e-10,3.6499423627256236e-10,3.5730712276835206e-10,4.852686520099373e-10,0.0,0.0
WGT,0.0,0.0,5.205638356270647e-10,1.7273546743897127e-10,0.0,0.0,0.0,0.0
GORR,0.0,0.0,9.605077068521786e-10,4.948849017773129e-10,4.0087559345767066e-10,5.365469009642141e-10,2.9614267736120003e-10,7.09205268318479e-10
ZAVS,0.0,0.0,5.78525296388376e-10,2.2128980005500307e-10,4.714292179047656e-10,6.0046224244247e-10,0.0,0.0
ARBS,0.0,0.0,7.125803054014781e-10,2.186503748427668e-10,3.926253814625022e-10,5.319810615866943e-10,0.0,0.0
SALO,0.0,0.0,9.274921294108511e-10,5.15581222349622e-10,0.0,0.0,0.0,0.0
CRE,0.0,0.0,3.4900234119510007e-10,1.70085312478473e-10,3.0927358222336727e-10,4.0889476893488954e-10,0.0,0.0
VMV,0.0,0.0,4.00926666625048e-10,1.5971007399070964e-10,0.0,0.0,0.0,0.0
CASP,0.0,0.0,2.2248330445942363e-09,1.0461799919065518e-09,0.0,0.0,3.484153057027095e-10,4.379778421401064e-10
RSM2,0.0,0.0,2.2486500279503953e-09,1.092654410508034e-09,0.0,0.0,0.0,0.0
MELF,0.0,0.0,3.8983204888929886e-10,1.4896916341256036e-10,3.52556048210066e-10,4.900792030005779e-10,0.0,0.0
BETHI,0.0,0.0,8.108459464381536e-10,2.1263303187099864e-10,4.773031553697537e-10,6.392166838776723e-10,0.0,0.0
LFF,0.0,0.0,1.3063589838438976e-09,4.2069228175883666e-10,9.91789264285947e-10,1.3517585008573734e-09,0.0,0.0
BARI,0.0,0.0,3.4620340487266782e-09,1.0592416772803956e-09,2.044482514872854e-09,2.571420664826342e-09,0.0,0.0
REST,0.0,0.0,9.054799871997414e-10,4.663099553972257e-10,4.1322233494627214e-10,5.327230697346954e-10,0.0,0.0
LOR,0.0,0.0,6.75690793125262e-10,2.0431680046078327e-10,4.931456298795361e-10,6.387970356271845e-10,0.0,0.0
IMI,0.0,0.0,1.3455581402210343e-09,6.840464448113992e-10,4.3176899595301005e-10,5.401116553636231e-10,0.0,0.0
BSTF,0.0,0.0,1.474865586941985e-09,7.669806520816516e-10,5.561236133703745e-10,7.500523640969928e-10,0.0,0.0
RNCA,0.0,0.0,6.252744745128608e-10,3.68784167145436e-10,2.8962734586649183e-10,3.7454905778321145e-10,0.0,0.0
CURIE,0.0,0.0,7.696802884353024e-09,3.5101024121187523e-09,6.0062196595171405e-09,7.618133410687081e-09,0.0,0.0
ROVR,0.0,0.0,1.1250695086174508e-09,5.961106998984985e-10,9.247626998532626e-10,1.151707494565827e-09,0.0,0.0
PDKS,0.0,0.0,4.6344943125998584e-10,1.7811170955443832e-10,2.9508343217147624e-10,4.0334670386228086e-10,0.0,0.0
CRNF,0.0,0.0,7.771055663305581e-10,2.4357183279597035e-10,4.923710236480404e-10,6.016839677841511e-10,0.0,0.0
ASSB,0.0,0.0,5.001641347313264e-10,2.6985113260345215e-10,3.4593735889124527e-10,4.4833165478805324e-10,0.0,0.0
MUTEZ,0.0,0.0,1.141893281440106e-09,4.823161562072473e-10,0.0,0.0,0.0,0.0
VMAN,0.0,0.0,5.060733331020724e-09,5.340296813284844e-09,0.0,0.0,0.0,0.0
MOLES,0.0,0.0,6.174287000594914e-10,2.0610493098146144e-10,0.0,0.0,0.0,0.0
MTRZ,0.0,0.0,8.685125970269871e-10,4.090148834129743e-10,7.726518923098082e-10,1.0888216037476008e-09,0.0,0.0
ORZI,0.0,0.0,9.097486419400949e-09,4.650790211377844e-09,1.2863473628383154e-08,1.5623811652045074e-08,0.0,0.0
BERNI,0.0,0.0,2.515578175998583e-10,9.523272975094167e-11,2.2117866600932863e-10,2.9287958804818924e-10,2.4103188402332326e-10,6.869584758011646e-10
SQTA,0.0,0.0,6.178981111482112e-10,1.8522904186456946e-10,5.475558112521775e-10,6.770628264477153e-10,0.0,0.0
RJF,0.0,0.0,7.714613782961647e-10,2.4372584912332257e-10,5.314549191130606e-10,6.973723937271171e-10,0.0,0.0
MFF,0.0,0.0,9.52648990488052e-10,2.681569692640393e-10,5.825608418246145e-10,7.685494842582088e-10,1.5756344663209177e-09,3.249598018831827e-09
CLAF,0.0,0.0,1.6396276532610915e-09,9.157753037224043e-10,3.505642075132713e-10,4.507739081160503e-10,0.0,0.0
SAOF,0.0,0.0,9.652029234802178e-10,5.126543344161885e-10,3.0363174662896004e-10,3.8917647150077145e-10,3.96178041464662e-10,7.399386749494379e-10
BESN,0.0,0.0,1.4530289586317035e-09,4.855072732828605e-10,8.46024310288149e-10,1.1757807466362372e-09,0.0,0.0
CGAR,0.0,0.0,1.3614763117293326e-09,6.61907480347253e-10,0.0,0.0,0.0,0.0
ZELS,0.0,0.0,2.7360566102756023e-09,1.4421743931357781e-09,0.0,0.0,0.0,0.0
A024B,0.0,0.0,1.097105799780226e-09,4.793363616088001e-10,0.0,0.0,0.0,0.0
LATF,0.0,0.0,9.711703066500699e-10,3.4199027526525336e-10,6.870787630857495e-10,9.023045200072676e-10,0.0,0.0
CLUD,0.0,0.0,3.263915633381961e-10,1.0535654937771316e-10,3.2326395521885603e-10,4.167454729453178e-10,0.0,0.0
FRNF,0.0,0.0,5.09208907810528e-10,1.744039656014127e-10,3.5227682481999115e-10,4.6106659103247236e-10,0.0,0.0
FLAF,0.0,0.0,1.3541909777854252e-09,5.617974335156796e-10,3.5591481644409937e-10,4.665860230657048e-10,0.0,0.0
MUG01,0.0,0.0,4.459730503865002e-09,2.373634373800504e-09,0.0,0.0,0.0,0.0
HRSF,0.0,0.0,5.047423479260914e-10,1.5484133917969344e-10,3.075171163163295e-10,4.2217534730359686e-10,0.0,0.0
DUDEL,0.0,0.0,3.205747770587737e-09,1.5681685465132583e-09,2.765446349831422e-09,3.45235147992492e-09,0.0,0.0
DUNF,0.0,0.0,8.872728887885951e-10,3.493376410019282e-10,5.9103621156095e-10,8.003872663945099e-10,0.0,0.0
A072A,0.0,0.0,2.763046656570283e-10,6.300957005767744e-11,0.0,0.0,0.0,0.0
MUGIO,0.0,0.0,3.6694010202218255e-10,1.2602059640260326e-10,3.0890713532716847e-10,4.0474088111387416e-10,2.023944003672078e-10,5.684597136056738e-10
A077A,0.0,0.0,3.71692489382192e-10,9.879008703507616e-11,0.0,0.0,0.0,0.0
LOUF,0.0,0.0,8.540465319321402e-10,2.4163683943608817e-10,5.0367596194193e-10,6.795783372210158e-10,0.0,0.0
MTLF,0.0,0.0,7.957701074658541e-10,2.797820899435956e-10,4.314711938852344e-10,5.610380461160197e-10,0.0,0.0
VISG,0.0,0.0,1.4644895593091934e-10,7.524452194459369e-11,8.590767210174862e-11,1.0812045486778377e-10,0.0,0.0
CLEV,0.0,0.0,2.8178183786501156e-09,8.724248089439325e-10,2.9794278252793514e-09,3.7056735677213243e-09,0.0,0.0
ARTF,0.0,0.0,2.3355045849087542e-09,1.360530029078912e-09,6.400978497038528e-10,8.049355672245346e-10,0.0,0.0
PRED,0.0,0.0,1.5406513154776588e-10,4.583710324644617e-11,1.6661541590416407e-10,2.1266752489098136e-10,0.0,0.0
CEST,0.0,0.0,5.384879851363385e-10,2.1631890435163768e-10,3.904810895925053e-10,4.990904562209156e-10,0.0,0.0
BALD,0.0,0.0,2.129779729030328e-09,1.108425829053037e-09,0.0,0.0,0.0,0.0
LESA,0.0,0.0,5.237233918332725e-10,1.7364073278504622e-10,4.964243332180997e-10,6.525921391123306e-10,0.0,0.0
BRIS,0.0,0.0,2.6264273157194927e-10,1.3962080461310943e-10,2.7001441816612117e-10,3.3900571191255957e-10,0.0,0.0
ABJF,0.0,0.0,5.796794922136783e-10,1.8528896552835808e-10,4.3865409929027887e-10,5.741080690744426e-10,0.0,0.0
SROF,0.0,0.0,1.058059678488491e-09,2.9520987960704086e-10,6.680341144858062e-10,8.830114442483372e-10,0.0,0.0
OSSF,0.0,0.0,4.1460498423721646e-10,1.7320236644834163e-10,0.0,0.0,0.0,0.0
BSCF,0.0,0.0,1.4607840225416294e-09,3.836863962770497e-10,7.974634953602585e-10,1.0718805350524687e-09,0.0,0.0
CLMF,0.0,0.0,1.5692093080520761e-09,4.789226182532304e-10,1.1864068714133946e-09,1.5617590858126915e-09,0.0,0.0
CANO,0.0,0.0,1.9305450998766502e-09,9.83583614705158e-10,5.786177032438693e-10,8.355046202295237e-10,0.0,0.0
RUMEL,0.0,0.0,1.3766469984328808e-09,4.754979164791395e-10,1.293506338309213e-09,1.6493799862622104e-09,0.0,0.0
NIMR,0.0,0.0,6.310949756230163e-09,3.453711499579047e-09,4.7500205895336244e-09,5.535486945249597e-09,0.0,0.0
XAFF,0.0,0.0,7.073383264972694e-10,2.2691214771843428e-10,0.0,0.0,0.0,0.0
MVIF,0.0,0.0,5.708732389275681e-10,2.745807628842294e-10,2.486232448851802e-10,3.1003523715899317e-10,0.0,0.0
TRULL,0.0,0.0,1.856522396474534e-09,7.637933674213915e-10,0.0,0.0,0.0,0.0
ETSF,0.0,0.0,5.445041637424015e-10,1.8299739109819798e-10,0.0,0.0,0.0,0.0
TURF,0.0,0.0,1.104355172361414e-09,6.168336964185605e-10,3.140376669261952e-10,4.1956750643574605e-10,0.0,0.0
REYF,0.0,0.0,5.625989331925691e-10,1.6230117742780308e-10,0.0,0.0,0.0,0.0
HOHE,0.0,0.0,1.508841907249407e-09,7.069151678717691e-10,0.0,0.0,0.0,0.0
CAVN,0.0,0.0,7.149684682983156e-10,2.747037535860072e-10,0.0,0.0,0.0,0.0
GZNF,0.0,0.0,5.177972335140781e-10,1.5118981863637228e-10,3.7947568498701396e-10,5.052621268305074e-10,0.0,0.0
GRAM,0.0,0.0,5.55108646414316e-10,2.63679818539518e-10,3.955082006256717e-10,4.941700202205551e-10,0.0,0.0
VIVA,0.0,0.0,7.212788739252276e-09,4.470953542768552e-09,0.0,0.0,0.0,0.0
GIGS,0.0,0.0,1.0755110258471435e-10,5.4236537442281017e-11,0.0,0.0,0.0,0.0
A073A,0.0,0.0,4.706325368977518e-10,3.0795924367571407e-10,0.0,0.0,0.0,0.0
RORO,0.0,0.0,8.705671845189354e-10,4.798945116346741e-10,5.522430001933284e-10,7.757444329128511e-10,3.398186263064219e-10,5.634332010845938e-10
GIZF,0.0,0.0,2.037535358078268e-09,8.012104720606245e-10,1.299517035017318e-09,1.7148876947093515e-09,0.0,0.0
EQUI,0.0,0.0,3.999842509468391e-10,2.3288244190639524e-10,2.708221027446608e-10,3.1587686407477945e-10,0.0,0.0
LABF,0.0,0.0,1.1378654918284655e-09,3.3644232716292205e-10,0.0,0.0,0.0,0.0
ETNF,0.0,0.0,7.519092274965962e-10,2.283511918813256e-10,0.0,0.0,0.0,0.0
MANO,0.0,0.0,9.79241282071609e-10,4.166691647750273e-10,0.0,0.0,0.0,0.0
VIA,0.0,0.0,8.048027625578427e-10,3.2779835948993193e-10,8.524422704999127e-10,1.1058449944214343e-09,0.0,0.0
MAME,0.0,0.0,2.1188992778327904e-09,1.118681790795512e-09,2.705933651760882e-09,3.435986506015834e-09,0.0,0.0
MPRI,0.0,0.0,2.2304185917913478e-10,8.134495322704188e-11,2.175529160680745e-10,2.7636881891220183e-10,0.0,0.0
ATE,0.0,0.0,6.82886315108665e-10,2.3474024549872633e-10,0.0,0.0,0.0,0.0
ESCA,0.0,0.0,1.9755088004740936e-09,8.470347260633438e-10,0.0,0.0,5.826404463996246e-10,1.0129720104823777e-09
CARF,0.0,0.0,1.4542943863278182e-09,6.071330303594176e-10,7.689195271478908e-10,1.0468081854601431e-09,0.0,0.0
VARN,0.0,0.0,2.071003914184374e-10,8.467764485812908e-11,2.3288836302669527e-10,2.9949759308107435e-10,0.0,0.0
GNEF,0.0,0.0,6.052592774552005e-10,1.8056348079077915e-10,4.238900404612655e-10,5.852261842469984e-10,0.0,0.0
BEBN,0.0,0.0,1.863826958844454e-09,7.982226708918318e-10,2.1541708875707602e-09,2.858078822322113e-09,0.0,0.0
CSOR,0.0,0.0,6.968966375102977e-10,2.670457750656687e-10,0.0,0.0,0.0,0.0
GSCL,0.0,0.0,3.3105179006054747e-10,1.4547016838134374e-10,1.8257770827623278e-10,2.433907651135421e-10,0.0,0.0
AGLI,0.0,0.0,1.049123315717216e-09,6.27224229741256e-10,0.0,0.0,0.0,0.0
SLVF,0.0,0.0,4.4064106554413614e-10,1.7948936735962612e-10,3.4910449104283684e-10,4.71616116046615e-10,0.0,0.0
CORI,0.0,0.0,7.333729324047114e-10,3.1161619752207727e-10,0.0,0.0,0.0,0.0
SENA,0.0,0.0,7.167415448586927e-10,3.165631968416521e-10,0.0,0.0,0.0,0.0
GUEF,0.0,0.0,1.0694284830095186e-09,3.432107025886173e-10,0.0,0.0,0.0,0.0
PALA,0.0,0.0,3.2297184779107657e-10,9.509405185229464e-11,2.8567661524186514e-10,3.7559727921354935e-10,0.0,0.0
PII,0.0,0.0,5.744124235538559e-10,3.5101533950790743e-10,4.4580486965207696e-10,5.549496044055437e-10,0.0,0.0
IRAF,0.0,0.0,1.0674907706644687e-09,3.1347865265717717e-10,0.0,0.0,0.0,0.0
LBL,0.0,0.0,5.187357402437243e-10,1.6280205262731242e-10,3.447331901101286e-10,4.4065627695475596e-10,0.0,0.0
TSDF,0.0,0.0,1.8104859085479742e-09,6.1966938624129e-10,1.286885992392789e-09,1.6993760377852739e-09,0.0,0.0
PYLO,0.0,0.0,1.3309121698855522e-09,4.679566334939797e-10,0.0,0.0,0.0,0.0
BOUF,0.0,0.0,8.68935535320202e-10,2.8413573009939947e-10,5.898123265071647e-10,8.109499339073562e-10,0.0,0.0
RCHB,0.0,0.0,5.377743034069043e-10,1.6546370684959371e-10,4.215047285102625e-10,5.537525260007112e-10,0.0,0.0
DRE,0.0,0.0,2.5148145539190056e-10,1.2443517770982254e-10,1.6800178509520454e-10,2.2339362963274316e-10,0.0,0.0
MLZA,0.0,0.0,9.993746278152247e-10,3.2571895146853904e-10,8.320681842104181e-10,1.1092440076167895e-09,0.0,0.0
CCAS,0.0,0.0,1.1212145759302514e-09,5.304525754633004e-10,2.264152509519692e-10,2.9687196409823013e-10,0.0,0.0
CLLI,0.0,0.0,5.367011775687564e-10,2.371497856110505e-10,3.426454517678957e-10,4.803145233889918e-10,0.0,0.0
SRES,0.0,0.0,4.3170438779135526e-10,1.6268174180542612e-10,0.0,0.0,0.0,0.0
MORSI,0.0,0.0,6.592745936650421e-10,3.750835732908505e-10,1.9824148180184123e-10,2.391137690328636e-10,0.0,0.0
LMD,0.0,0.0,1.944220739038984e-10,8.667790209245489e-11,1.1735528681606501e-10,1.5251331782366468e-10,0.0,0.0
A071A,0.0,0.0,8.29410254900098e-10,5.897406240714992e-10,0.0,0.0,0.0,0.0
BOO,0.0,0.0,2.8262879908730697e-10,1.0088229677364966e-10,2.9789700601032835e-10,3.8232739914242185e-10,0.0,0.0
HELF,0.0,0.0,1.4904440443821652e-09,5.630487377771836e-10,1.372537286906341e-09,1.806564112002015e-09,0.0,0.0
PRIMA,0.0,0.0,1.535420838276515e-07,9.197661783496897e-08,0.0,0.0,0.0,0.0
DAGMA,0.0,0.0,1.0722963913213083e-09,3.4711258673767433e-10,0.0,0.0,0.0,0.0
TRIGF,0.0,0.0,6.122465586707541e-10,3.2211749011818287e-10,1.8541730575861006e-10,2.3727827610881286e-10,0.0,0.0
MIGAL,0.0,0.0,1.8283694521302647e-09,9.69534028571562e-10,3.568305103902461e-10,4.6149092869805104e-10,0.0,0.0
BOST,0.0,0.0,8.271241266153485e-10,4.543759869758319e-10,0.0,0.0,0.0,0.0
HMNX,0.0,0.0,5.6552950182286625e-09,2.668437784723761e-09,0.0,0.0,4.545706255810457e-09,7.631922413204456e-09
CHIF,0.0,0.0,1.269763435563603e-09,4.2272778497894567e-10,1.011940314690685e-09,1.2355690559009715e-09,0.0,0.0
MDI,0.0,0.0,6.520734173202034e-10,2.5509158886270844e-10,5.71465420633587e-10,7.427028069886293e-10,0.0,0.0
EMMET,0.0,0.0,5.485163934497307e-10,1.7920314380142875e-10,0.0,0.0,2.8680448191170537e-10,9.26016902425732e-10
VERF,0.0,0.0,5.88352931388389e-10,1.515297545287628e-10,3.5167106649594117e-10,4.5287308297711404e-10,0.0,0.0
FILF,0.0,0.0,1.307693526323084e-09,5.780717485442353e-10,5.928806630955856e-10,7.481655604394615e-10,0.0,0.0
MOTA,0.0,0.0,6.41582464508594e-10,1.7893499324594414e-10,5.785212427439155e-10,7.592865467033837e-10,0.0,0.0
GARF,0.0,0.0,6.693206070285553e-10,1.9819537804032966e-10,4.032870618163213e-10,5.626949957637855e-10,0.0,0.0
AJAC,0.0,0.0,7.310444978126716e-10,4.2983049823247717e-10,3.1406052501320657e-10,3.849457518357027e-10,0.0,0.0
LEUC,0.0,0.0,6.179651468406826e-10,2.1252001592258211e-10,3.968563545464115e-10,5.370087990988889e-10,0.0,0.0
CFON,0.0,0.0,7.379786698079525e-10,2.8168359472938806e-10,0.0,0.0,0.0,0.0
CARD,0.0,0.0,9.038235640560406e-10,2.9149651103722983e-10,4.5506847024103456e-10,5.475991046166784e-10,0.0,0.0
APEC,0.0,0.0,3.338023097037616e-10,1.6309496156741335e-10,3.286938774830206e-10,3.995120304563586e-10,0.0,0.0
BERGE,0.0,0.0,6.751741546749544e-10,1.9583036795153132e-10,0.0,0.0,4.0895115936378496e-10,1.5827178948650204e-09
VOEL,0.0,0.0,1.280504598405474e-09,4.880132536635636e-10,0.0,0.0,0.0,0.0
ZVC,0.0,0.0,7.306810974983984e-10,2.224165446152839e-10,2.050754156046841e-10,2.703817920016341e-10,0.0,0.0
TERF,0.0,0.0,1.1566975268007263e-09,4.2065065752725805e-10,0.0,0.0,0.0,0.0
CIEL,0.0,0.0,1.747063063885703e-09,6.31850713526385e-10,0.0,0.0,0.0,0.0
PAND,0.0,0.0,1.5462162449452274e-09,5.478524642301444e-10,1.1000676617516578e-09,1.4666280652430167e-09,0.0,0.0
CBEU,0.0,0.0,1.107425488024922e-09,5.516589500626415e-10,3.896489453928955e-10,5.24354428225456e-10,0.0,0.0
WALT,0.0,0.0,3.504471046726263e-09,9.968398621198754e-10,0.0,0.0,0.0,0.0
BOB,0.0,0.0,9.093160139825139e-10,3.79850774411116e-10,4.1984780910432766e-10,5.539307460588489e-10,3.618911345420975e-10,8.317443121166385e-10
CPAL,0.0,0.0,1.6430392960135843e-09,1.181282165347706e-09,2.786672436007567e-10,3.845155563741983e-10,0.0,0.0
PLEF,0.0,0.0,1.1451452207111575e-09,3.520039862405708e-10,7.754796172615362e-10,1.0071692831269514e-09,0.0,0.0
MLS,0.0,0.0,1.493893175601952e-09,5.56629397921737e-10,1.0222441016887383e-09,1.3861858574649939e-09,0.0,0.0
BANN,0.0,0.0,5.713931923273654e-10,1.9421588659399224e-10,2.910534520516365e-10,3.983260838141984e-10,0.0,0.0
EILF,0.0,0.0,5.3509220861027844e-09,3.0433678437423122e-09,9.346375046819387e-10,1.1666335343024579e-09,1.1477798136233341e-09,1.5104817129644924e-09
BAD,0.0,0.0,5.034555362912245e-10,1.7862131931200683e-10,0.0,0.0,0.0,0.0
LRVF,0.0,0.0,4.255200225360601e-09,1.7722437834794947e-09,0.0,0.0,0.0,0.0
MILN,0.0,0.0,1.6532570450368025e-08,8.655445613094056e-09,1.3314251969366705e-08,1.6911454977572637e-08,0.0,0.0
CALF,0.0,0.0,1.4359800153322516e-09,5.992909049658702e-10,3.2355958295620496e-10,4.2881603168710767e-10,6.147593329082822e-10,9.09897513759069e-10
TERZ,0.0,0.0,6.448586828891354e-10,2.1543478623624988e-10,4.885296403162309e-10,6.254340573476181e-10,0.0,0.0
DAUF,0.0,0.0,7.560882346178451e-10,2.430978408985278e-10,4.828617562407012e-10,6.439305856722014e-10,0.0,0.0
UCC,0.0,0.0,6.484065465366826e-10,3.036414669239971e-10,6.28630783126089e-10,7.997300176613272e-10,5.07044531196904e-10,2.2599153994535343e-09
AGO,0.0,0.0,6.726967382000117e-10,1.6912538043108968e-10,3.8528346604252805e-10,4.89886405861315e-10,0.0,0.0
METMA,0.0,0.0,5.31367941409301e-10,1.7658564709315202e-10,0.0,0.0,0.0,0.0
MARN,0.0,0.0,1.0164486087798327e-09,4.480193492243989e-10,0.0,0.0,0.0,0.0
KIND,0.0,0.0,1.1805590033951171e-09,3.762969841398379e-10,9.591403487693726e-10,1.2408142796012371e-09,0.0,0.0
ELSH,0.0,0.0,1.7924807834478161e-09,6.90705618105583e-10,0.0,0.0,0.0,0.0
HARD,0.0,0.0,1.03686779045141e-09,3.285728615338297e-10,7.630488912002978e-10,1.0683849024809302e-09,0.0,0.0
WTSB,0.0,0.0,1.3826571041501783e-09,7.930796444733884e-10,2.540853858061558e-09,3.2152736010614755e-09,0.0,0.0
SRNF,0.0,0.0,1.2520924725950106e-09,4.976452117644298e-10,8.762161840693454e-10,1.1314295467971446e-09,0.0,0.0
CARA,0.0,0.0,6.073674214124942e-10,2.1431242228361428e-10,4.813203378965486e-10,6.51818903847468e-10,0.0,0.0
MGAB,0.0,0.0,4.726205964679339e-10,2.783414878162961e-10,4.3609600021710176e-10,5.50763137426349e-10,0.0,0.0
KLB,0.0,0.0,8.121427521364734e-10,2.389703195728329e-10,5.457566703452602e-10,7.130297849891215e-10,0.0,0.0
SEI,0.0,0.0,1.6162393071380835e-09,7.946614010513623e-10,9.63867086518875e-10,1.2013834062244759e-09,0.0,0.0
MTNF,0.0,0.0,8.913068301462116e-10,2.462332127530669e-10,5.192356843238395e-10,6.730230865803245e-10,0.0,0.0
FDGR,0.0,0.0,2.9117015669347312e-09,1.2384344674398643e-09,3.865052639331406e-09,3.514570562066978e-09,1.223880390394551e-09,4.746317793124384e-09
MONQ,0.0,0.0,1.746242599279093e-09,6.011120406079366e-10,1.4483369997044451e-09,1.955230421461425e-09,0.0,0.0
LUSI,0.0,0.0,2.6530383014136036e-10,1.0568946312850886e-10,2.8015546677991117e-10,3.5174073759764954e-10,0.0,0.0
OSSC,0.0,0.0,5.78104725112253e-10,3.4625738066973533e-10,4.419218347176806e-10,5.40391506649765e-10,0.0,0.0
CAE,0.0,0.0,2.2367997138336878e-10,9.172099530768731e-11,3.663495586239978e-10,4.6131534969092834e-10,0.0,0.0
MON,0.0,0.0,1.7960590162275028e-08,7.190574145594765e-09,1.518879662429247e-09,1.9996354892957148e-09,2.4395703724481865e-09,3.1577854101561532e-09
VALC,0.0,0.0,5.676135597712582e-10,2.4749139143176354e-10,3.2493484848509525e-10,4.1723697737976007e-10,0.0,0.0
ROLD,0.0,0.0,2.057563502603376e-08,1.3435673111607814e-08,1.9170121314332796e-08,2.3666918675891528e-08,0.0,0.0
ETLBK,0.0,0.0,1.3845489218545614e-09,6.036466359503425e-10,2.255293896737715e-09,2.6289690245874643e-09,0.0,0.0
BOSL,0.0,0.0,1.2364616993165682e-10,5.512458116861737e-11,7.608392945102986e-11,9.656373651139623e-11,0.0,0.0
HAUIG,0.0,0.0,9.570162916474351e-10,4.718231173275141e-10,0.0,0.0,0.0,0.0
XBFO,0.0,0.0,6.121702643125562e-10,1.7185302642045294e-10,0.0,0.0,0.0,0.0
VALM,0.0,0.0,3.531936288245296e-09,1.975264617056321e-09,4.1535336108546906e-09,5.1892596807161214e-09,0.0,0.0
LGIF,0.0,0.0,7.506387058324261e-10,2.963470132145973e-10,5.977756456922585e-10,7.767266246536224e-10,0.0,0.0
ACB,0.0,0.0,2.09712168276313e-09,7.297421414665661e-10,0.0,0.0,0.0,0.0
PCP,0.0,0.0,6.527934597661178e-10,3.846649729553473e-10,2.927795644769497e-10,3.8343181606380985e-10,3.1061441115994537e-10,5.314892765064638e-10
MLN,0.0,0.0,4.6453156440279663e-10,1.6624150501697328e-10,0.0,0.0,0.0,0.0
PGF,0.0,0.0,7.93473483134008e-10,4.220454912004922e-10,1.6460626977341726e-10,2.1795997867772238e-10,0.0,0.0
LEMB,0.0,0.0,1.302178434653539e-09,3.9440629368306154e-10,0.0,0.0,0.0,0.0
ARBF,0.0,0.0,2.635338641603071e-09,1.2336909612160447e-09,9.11684273519254e-10,1.0442674039659701e-09,0.0,0.0
STR,0.0,0.0,8.291844590857442e-09,3.940492496279118e-09,0.0,0.0,0.0,0.0
BDI,0.0,0.0,3.7826666460440357e-10,2.2407492093559055e-10,4.1321885696351436e-10,4.999291079933264e-10,1.862228910597669e-10,3.4700935284728427e-10
QLNO,0.0,0.0,8.526329799188862e-10,5.02856781943485e-10,5.678210272321545e-10,7.200098952843074e-10,3.988275323977513e-10,6.865824274088317e-10
COLF,0.0,0.0,0.0,0.0,3.292864374733376e-10,4.372816685557433e-10,0.0,0.0
IT02A,0.0,0.0,0.0,0.0,4.430759255741915e-10,5.920235477586531e-10,0.0,0.0
OGS1,0.0,0.0,0.0,0.0,2.598642145487904e-10,3.3810047358159866e-10,1.5337605693941989e-10,3.4121126608794936e-10
CELB,0.0,0.0,0.0,0.0,6.936057309590846e-10,8.484752130375813e-10,3.1022133324419297e-10,3.37762922683522e-10
EIF01,0.0,0.0,0.0,0.0,9.309396649170101e-10,1.1729696013412918e-09,0.0,0.0
PLMA,0.0,0.0,0.0,0.0,1.191467491171456e-09,1.5261778271399515e-09,0.0,0.0
IT07A,0.0,0.0,0.0,0.0,2.2774693985662613e-09,2.9247561830244723e-09,0.0,0.0
MERIC,0.0,0.0,0.0,0.0,1.4140269306921987e-09,1.8022538085704814e-09,0.0,0.0
GRA,0.0,0.0,0.0,0.0,3.9497468168212285e-10,5.098577477379835e-10,0.0,0.0
MBAL,0.0,0.0,0.0,0.0,3.9526023301389375e-10,5.129410419727762e-10,0.0,0.0
POPM,0.0,0.0,0.0,0.0,5.873543899867818e-10,7.041094899269795e-10,2.4313228792748805e-10,4.446600798709071e-10
OGCC,0.0,0.0,0.0,0.0,2.9816995791080817e-10,3.8685995997241345e-10,0.0,0.0
VLC,0.0,0.0,0.0,0.0,4.453420185222447e-10,5.590637972306173e-10,3.132753355469578e-10,5.176919819111171e-10
PRMA,0.0,0.0,0.0,0.0,2.856270407455857e-09,3.5369541178123637e-09,0.0,0.0
PARC,0.0,0.0,0.0,0.0,3.2436668927434684e-10,4.1504577095769705e-10,0.0,0.0
ENR,0.0,0.0,0.0,0.0,3.663964909467797e-10,4.720690892400678e-10,3.542721855048168e-10,5.50339230107603e-10
SPIF,0.0,0.0,0.0,0.0,4.1162250289589774e-10,4.998675824336415e-10,0.0,0.0
EIF03,0.0,0.0,0.0,0.0,5.173932715758267e-10,6.887151685272124e-10,0.0,0.0
OGCB,0.0,0.0,0.0,0.0,3.4757334847090954e-10,4.6132254768751646e-10,0.0,0.0
PRA,0.0,0.0,0.0,0.0,1.5486069414436966e-09,2.007459833347375e-09,0.0,0.0
GRN,0.0,0.0,0.0,0.0,3.7192145327293406e-10,4.725657431004599e-10,0.0,0.0
RRL,0.0,0.0,0.0,0.0,4.4068244550279854e-10,5.832513579050604e-10,3.824734729998939e-10,8.733007279973767e-10
GOTF,0.0,0.0,0.0,0.0,1.2530904849192503e-09,1.606735836716153e-09,0.0,0.0
OGSM,0.0,0.0,0.0,0.0,3.2642661037422667e-10,4.2767879488637524e-10,2.70227556758832e-10,7.710255420343223e-10
OGJA,0.0,0.0,0.0,0.0,1.9563945510909836e-10,2.6558703269385456e-10,0.0,0.0
HAR3,0.0,0.0,0.0,0.0,1.1920075647151764e-09,1.6602623812887456e-09,0.0,0.0
OGGL,0.0,0.0,0.0,0.0,2.0407092311418473e-09,2.3412271115730667e-09,0.0,0.0
PLDF,0.0,0.0,0.0,0.0,3.3161997295509106e-10,4.2978550676469187e-10,0.0,0.0
SZC,0.0,0.0,0.0,0.0,2.2627702062566076e-10,2.9427327842001455e-10,0.0,0.0
OGVG,0.0,0.0,0.0,0.0,2.0426700329695116e-10,2.747113181274426e-10,0.0,0.0
PURA,0.0,0.0,0.0,0.0,1.731953957946934e-10,2.2275974404677238e-10,0.0,0.0
STAC,0.0,0.0,0.0,0.0,2.1192063242815128e-10,2.8378343049324527e-10,0.0,0.0
IT06A,0.0,0.0,0.0,0.0,1.8337762032376011e-09,2.293501334057264e-09,0.0,0.0
EIF02,0.0,0.0,0.0,0.0,8.163860466244691e-10,1.0632040551808554e-09,0.0,0.0
OGDF,0.0,0.0,0.0,0.0,4.200673929597212e-10,5.722076930632662e-10,0.0,0.0
IT01A,0.0,0.0,0.0,0.0,7.291463515263097e-09,9.342959557790484e-09,0.0,0.0
ADHE,0.0,0.0,0.0,0.0,5.194633170744835e-10,6.445537314203087e-10,0.0,0.0
CMPS,0.0,0.0,0.0,0.0,5.272137349253388e-10,7.259846895499486e-10,0.0,0.0
EIF05,0.0,0.0,0.0,0.0,1.4426137629350641e-09,1.9241398574793202e-09,0.0,0.0
BLAF,0.0,0.0,0.0,0.0,2.688839898478255e-10,3.41924678924863e-10,0.0,0.0
ROTM,0.0,0.0,0.0,0.0,2.24387595225199e-08,2.8358565224282942e-08,2.048927419559368e-09,4.5937011198485085e-09
ENAUX,0.0,0.0,0.0,0.0,1.4695028528262272e-10,2.0343541219664483e-10,0.0,0.0
PIAF,0.0,0.0,0.0,0.0,1.4317490952417946e-10,1.8530254699520584e-10,0.0,0.0
VMGN,0.0,0.0,0.0,0.0,1.0390027933280919e-10,1.4110097577546557e-10,0.0,0.0
SKAC,0.0,0.0,0.0,0.0,1.1767516218224986e-09,1.5914829704592912e-09,0.0,0.0
ORIF,0.0,0.0,0.0,0.0,3.1866140946718064e-10,3.9833675303551766e-10,0.0,0.0
TRAV,0.0,0.0,0.0,0.0,5.884865365692602e-10,7.591906865885722e-10,3.3522397138872795e-10,9.136493531079556e-10
IT04A,0.0,0.0,0.0,0.0,7.068110143946941e-09,8.774122350072342e-09,0.0,0.0
OGS3,0.0,0.0,0.0,0.0,1.5897342902076337e-10,2.0574473305407263e-10,0.0,0.0
OZLJ,0.0,0.0,0.0,0.0,9.445382031698435e-11,1.1858681974773812e-10,0.0,0.0
GOLS,0.0,0.0,0.0,0.0,6.728211674084142e-10,9.025461768958035e-10,0.0,0.0
BOZZ,0.0,0.0,0.0,0.0,1.4765415865481322e-08,1.865977531559555e-08,0.0,0.0
VKB,0.0,0.0,0.0,0.0,2.7759591522894243e-09,3.600211688188119e-09,0.0,0.0
OGCY,0.0,0.0,0.0,0.0,2.294651020451016e-10,2.950457421281633e-10,0.0,0.0
OGSA,0.0,0.0,0.0,0.0,1.880876464351181e-10,2.3700423822874955e-10,0.0,0.0
CHLF,0.0,0.0,0.0,0.0,3.044698498839857e-10,4.07372846585999e-10,0.0,0.0
AVM,0.0,0.0,0.0,0.0,8.370712484009441e-10,1.0251403533589252e-09,3.927661839850893e-10,8.911433780459953e-10
IT03A,0.0,0.0,0.0,0.0,3.602408719010328e-09,4.517345536603919e-09,0.0,0.0
OGS2,0.0,0.0,0.0,0.0,2.369021300401449e-10,3.037380363424929e-10,1.7208401970540199e-10,4.4653800382770697e-10
SAUF,0.0,0.0,0.0,0.0,7.82693478517941e-10,1.0288446944311426e-09,0.0,0.0
ISO,0.0,0.0,0.0,0.0,1.4158791619447475e-10,1.8380719385525216e-10,2.2515690106624206e-10,3.5394206666902033e-10
GBOS,0.0,0.0,0.0,0.0,1.2008385874571442e-10,1.5714771237212224e-10,0.0,0.0
EF02,0.0,0.0,0.0,0.0,5.098494466653279e-09,5.614066010876141e-09,0.0,0.0
HAR1,0.0,0.0,0.0,0.0,1.2266942468002823e-09,1.6511099929482064e-09,0.0,0.0
IT05A,0.0,0.0,0.0,0.0,2.0066336449519998e-10,2.6293920297077784e-10,0.0,0.0
VARE,0.0,0.0,0.0,0.0,2.781378853352406e-10,3.4705147837769014e-10,0.0,0.0
MONC,0.0,0.0,0.0,0.0,4.377495406114902e-09,4.837154038265241e-09,7.048314465117962e-10,1.7916585863014018e-09
RIY,0.0,0.0,0.0,0.0,1.0078607133316388e-10,1.2505333357253224e-10,0.0,0.0
MLYF,0.0,0.0,0.0,0.0,4.1482694003591486e-10,5.200483217922061e-10,0.0,0.0
OGCN,0.0,0.0,0.0,0.0,9.60535698480026e-10,1.19076951887892e-09,0.0,0.0
OGLC,0.0,0.0,0.0,0.0,2.00668603650169e-10,2.5710814587010194e-10,0.0,0.0
MGRO,0.0,0.0,0.0,0.0,2.1579523898260992e-10,2.713698433107052e-10,2.1907857524563833e-10,3.4602749159859724e-10
SALSA,0.0,0.0,0.0,0.0,1.90381649812992e-10,2.5322533786397247e-10,0.0,0.0
HAR2,0.0,0.0,0.0,0.0,1.315004617762031e-09,1.7119143348930515e-09,0.0,0.0
MAGA,0.0,0.0,0.0,0.0,2.6137758441177354e-10,3.419107861622736e-10,0.0,0.0
FALKS,0.0,0.0,0.0,0.0,7.867433438410845e-10,9.514355136818382e-10,0.0,0.0
BURY,0.0,0.0,0.0,0.0,3.5650115900218403e-10,4.5280297849288604e-10,0.0,0.0
CT55,0.0,0.0,0.0,0.0,0.0,0.0,9.236764961353031e-11,2.5885121225442906e-10
IGB08,0.0,0.0,0.0,0.0,0.0,0.0,2.0257264809842145e-11,5.0372722229043466e-11
OG02,0.0,0.0,0.0,0.0,0.0,0.0,1.8013830048626367e-10,4.506276458091211e-10
E116,0.0,0.0,0.0,0.0,0.0,0.0,2.6884995760772934e-10,6.324792093072463e-10
FINB,0.0,0.0,0.0,0.0,0.0,0.0,2.938786987287734e-10,3.740842033956561e-10
ASEAF,0.0,0.0,0.0,0.0,0.0,0.0,9.418730448912313e-09,1.4553954298640765e-08
SGT05,0.0,0.0,0.0,0.0,0.0,0.0,5.367698484152834e-10,1.99667184933608e-09
JSA,0.0,0.0,0.0,0.0,0.0,0.0,1.2691421377931885e-09,2.0540779459150883e-09
CT07,0.0,0.0,0.0,0.0,0.0,0.0,2.928241424075322e-10,6.059238400778356e-10
SGT02,0.0,0.0,0.0,0.0,0.0,0.0,7.581271757294288e-10,2.548845951709026e-09
CT08,0.0,0.0,0.0,0.0,0.0,0.0,2.435279847135685e-10,4.73764350554938e-10
LOT2,0.0,0.0,0.0,0.0,0.0,0.0,3.41453110757387e-10,8.937770263047083e-10
CHMF,0.0,0.0,0.0,0.0,0.0,0.0,9.832627061623074e-10,3.172767681773439e-09
CT37,0.0,0.0,0.0,0.0,0.0,0.0,2.631253200682437e-12,3.817350938890412e-12
CT16,0.0,0.0,0.0,0.0,0.0,0.0,2.3880011476423924e-10,4.659748192349838e-10
RENF,0.0,0.0,0.0,0.0,0.0,0.0,8.335270401205845e-10,2.045516096901328e-09
CT47,0.0,0.0,0.0,0.0,0.0,0.0,2.818470318029483e-10,4.4652847615998116e-10
CT17,0.0,0.0,0.0,0.0,0.0,0.0,2.7367186639902906e-10,5.907575361539386e-10
CT20,0.0,0.0,0.0,0.0,0.0,0.0,2.0948242511936905e-10,3.8958649831284423e-10
CT11,0.0,0.0,0.0,0.0,0.0,0.0,2.592564143081454e-10,6.052514694571767e-10
CT04,0.0,0.0,0.0,0.0,0.0,0.0,3.498173178043922e-10,8.759842907632544e-10
PY24B,0.0,0.0,0.0,0.0,0.0,0.0,1.400392977839531e-09,1.5915138357408859e-09
CT43,0.0,0.0,0.0,0.0,0.0,0.0,3.650468814355504e-10,8.498222168086396e-10
IGB09,0.0,0.0,0.0,0.0,0.0,0.0,4.3343907138024096e-11,1.22535392380547e-10
E992,0.0,0.0,0.0,0.0,0.0,0.0,2.0254363125911884e-10,4.6166155945420763e-10
E100,0.0,0.0,0.0,0.0,0.0,0.0,2.1869097868387023e-10,5.379876963614053e-10
GROG,0.0,0.0,0.0,0.0,0.0,0.0,1.153197687977282e-09,1.300510319572202e-09
CT49,0.0,0.0,0.0,0.0,0.0,0.0,2.5391489025021435e-10,4.952725591084888e-10
CT35,0.0,0.0,0.0,0.0,0.0,0.0,2.347341364596987e-10,4.146531103028175e-10
PY4A,0.0,0.0,0.0,0.0,0.0,0.0,1.1890167899726332e-09,2.1422776326066353e-09
CT29,0.0,0.0,0.0,0.0,0.0,0.0,1.5198577666773863e-10,2.5068885159654744e-10
CT06,0.0,0.0,0.0,0.0,0.0,0.0,2.6905410113971983e-10,6.477818395709315e-10
PY49,0.0,0.0,0.0,0.0,0.0,0.0,9.47513655154136e-10,1.4110729014251313e-09
E994,0.0,0.0,0.0,0.0,0.0,0.0,1.5072947311024304e-10,3.6809726756148286e-10
CT30,0.0,0.0,0.0,0.0,0.0,0.0,5.900353425476143e-10,7.577640592106991e-10
CT51,0.0,0.0,0.0,0.0,0.0,0.0,3.4214334015567705e-10,8.810768044627302e-10
SGT03,0.0,0.0,0.0,0.0,0.0,0.0,4.1588184877569275e-10,1.5931168609643256e-09
CT41,0.0,0.0,0.0,0.0,0.0,0.0,2.522371202887813e-10,5.40472667763229e-10
CT03,0.0,0.0,0.0,0.0,0.0,0.0,8.276323702198599e-10,1.8339749206271975e-09
CT54,0.0,0.0,0.0,0.0,0.0,0.0,1.3383728420703453e-10,3.3884562425498673e-10
CT44,0.0,0.0,0.0,0.0,0.0,0.0,4.201900118001893e-10,9.327910118918921e-10
SGT01,0.0,0.0,0.0,0.0,0.0,0.0,6.347878019359139e-10,2.3733531414509242e-09
CT27,0.0,0.0,0.0,0.0,0.0,0.0,1.4262269904024405e-10,3.0765569071151645e-10
PY42B,0.0,0.0,0.0,0.0,0.0,0.0,4.83521510308994e-10,1.0846873013880083e-09
CT10,0.0,0.0,0.0,0.0,0.0,0.0,2.941228898876973e-10,6.562082533502974e-10
IGB06,0.0,0.0,0.0,0.0,0.0,0.0,2.0218908898316312e-11,5.091778474343936e-11
PY47,0.0,0.0,0.0,0.0,0.0,0.0,6.177923134332727e-10,1.11579860535288e-09
CT22,0.0,0.0,0.0,0.0,0.0,0.0,2.576595810331582e-10,6.984470042151962e-10
PY45,0.0,0.0,0.0,0.0,0.0,0.0,7.423038005906132e-10,1.5103620424266108e-09
CT01,0.0,0.0,0.0,0.0,0.0,0.0,4.92541823072847e-10,9.23375655851989e-10
CT21,0.0,0.0,0.0,0.0,0.0,0.0,1.846435506889833e-10,3.5388179400737376e-10
CT46,0.0,0.0,0.0,0.0,0.0,0.0,2.749360226475531e-10,5.617643471419257e-10
IGB02,0.0,0.0,0.0,0.0,0.0,0.0,1.3974222000362121e-11,3.8309380793885086e-11
CT05,0.0,0.0,0.0,0.0,0.0,0.0,3.023320082505739e-10,6.110081890641886e-10
E143,0.0,0.0,0.0,0.0,0.0,0.0,2.445262780982493e-10,4.634737363471212e-10
CT24,0.0,0.0,0.0,0.0,0.0,0.0,2.846297905281996e-10,6.03669475600073e-10
MAIM,0.0,0.0,0.0,0.0,0.0,0.0,2.386572637396646e-10,3.8081477923913357e-10
IGB10,0.0,0.0,0.0,0.0,0.0,0.0,1.8829665198388602e-11,5.762225779082052e-11
CT13,0.0,0.0,0.0,0.0,0.0,0.0,4.0054942477927145e-10,6.499320310248778e-10
IGB07,0.0,0.0,0.0,0.0,0.0,0.0,1.906616017615254e-11,5.82556784368819e-11
CT02,0.0,0.0,0.0,0.0,0.0,0.0,1.4213661348327599e-09,3.149998838002908e-09
PY96,0.0,0.0,0.0,0.0,0.0,0.0,1.9100390915071215e-09,4.171778897662422e-09
ROT2,0.0,0.0,0.0,0.0,0.0,0.0,8.08102985186268e-10,1.5688785033538995e-09
PY94,0.0,0.0,0.0,0.0,0.0,0.0,3.143731237506149e-10,6.927662045564667e-10
IGB03,0.0,0.0,0.0,0.0,0.0,0.0,2.2482696012296235e-11,6.922500819775387e-11
CT36,0.0,0.0,0.0,0.0,0.0,0.0,3.1995391954523027e-10,5.881686353692582e-10
CT40,0.0,0.0,0.0,0.0,0.0,0.0,1.0185567395620482e-09,2.1850342512790846e-09
CT14,0.0,0.0,0.0,0.0,0.0,0.0,2.29098066174688e-10,5.446316404083655e-10
CT33,0.0,0.0,0.0,0.0,0.0,0.0,1.5722794954388434e-10,3.6874591980673924e-10
CT50,0.0,0.0,0.0,0.0,0.0,0.0,2.0178187069724319e-10,3.6937079292167776e-10
E155,0.0,0.0,0.0,0.0,0.0,0.0,4.1284412841299515e-10,7.02882247278333e-10
DYA,0.0,0.0,0.0,0.0,0.0,0.0,1.214300040148869e-09,2.487414303695303e-09
OGGM,0.0,0.0,0.0,0.0,0.0,0.0,1.953288699634283e-10,3.6818228361200857e-10
PY41,0.0,0.0,0.0,0.0,0.0,0.0,1.985495715752692e-09,2.3043113761233066e-09
CT56,0.0,0.0,0.0,0.0,0.0,0.0,5.154855728099947e-10,1.0387970564038675e-09
PY46,0.0,0.0,0.0,0.0,0.0,0.0,7.787879976453301e-10,1.3883375177178495e-09
CT25,0.0,0.0,0.0,0.0,0.0,0.0,1.18423401773421e-10,2.918478817771432e-10
PY48,0.0,0.0,0.0,0.0,0.0,0.0,1.0873711505188744e-09,1.927037282879603e-09
PY92,0.0,0.0,0.0,0.0,0.0,0.0,4.491827520487087e-10,8.689514242324751e-10
CT31,0.0,0.0,0.0,0.0,0.0,0.0,1.1209514923180686e-10,2.909764558593741e-10
CT53,0.0,0.0,0.0,0.0,0.0,0.0,2.9061588416735343e-10,5.647344971725203e-10
PY20,0.0,0.0,0.0,0.0,0.0,0.0,2.910230721177427e-10,5.122163318043303e-10
CT15,0.0,0.0,0.0,0.0,0.0,0.0,1.5773942027688567e-10,2.785774307721807e-10
CT34,0.0,0.0,0.0,0.0,0.0,0.0,1.5001568541102866e-10,3.2156665687325544e-10
CT12,0.0,0.0,0.0,0.0,0.0,0.0,4.2979753902763953e-10,1.0774051787156002e-09
E154,0.0,0.0,0.0,0.0,0.0,0.0,4.585032857601713e-10,6.533886065943801e-10
CT39,0.0,0.0,0.0,0.0,0.0,0.0,2.0390903783381305e-10,4.5050577883316496e-10
E144,0.0,0.0,0.0,0.0,0.0,0.0,3.3082813664265083e-10,7.733170062971691e-10
CT28,0.0,0.0,0.0,0.0,0.0,0.0,1.2464250814022389e-10,2.591915681949817e-10
CT23,0.0,0.0,0.0,0.0,0.0,0.0,1.7502425839698793e-10,3.9051259835159844e-10
CT18,0.0,0.0,0.0,0.0,0.0,0.0,1.8520510999411097e-10,3.3304773355769427e-10
CT09,0.0,0.0,0.0,0.0,0.0,0.0,2.2307347492187127e-10,4.6155135594587267e-10
PY43,0.0,0.0,0.0,0.0,0.0,0.0,5.077829761913583e-10,8.955607792803583e-10
CT19,0.0,0.0,0.0,0.0,0.0,0.0,2.0143321619021705e-10,3.8141345731525896e-10
CT42,0.0,0.0,0.0,0.0,0.0,0.0,2.2868223460933576e-10,6.176870661799891e-10
CT26,0.0,0.0,0.0,0.0,0.0,0.0,1.8726491869978173e-10,4.4579955487478205e-10
NEGI,0.0,0.0,0.0,0.0,0.0,0.0,8.1583741865786e-10,1.1545931497620055e-09
SGT04,0.0,0.0,0.0,0.0,0.0,0.0,4.003411366683333e-10,1.725050827420121e-09
PY95,0.0,0.0,0.0,0.0,0.0,0.0,1.0224904042224954e-09,2.34344449841243e-09
REMY,0.0,0.0,0.0,0.0,0.0,0.0,6.650948601277243e-10,1.880490379777043e-09
E128,0.0,0.0,0.0,0.0,0.0,0.0,7.193161923496382e-10,1.3668951010928549e-09
E090,0.0,0.0,0.0,0.0,0.0,0.0,2.4996328320842134e-10,6.307600877975057e-10
E093,0.0,0.0,0.0,0.0,0.0,0.0,3.8192444035541324e-10,7.557463866192646e-10
CT32,0.0,0.0,0.0,0.0,0.0,0.0,1.619092127730477e-10,3.203930660126874e-10
PY25,0.0,0.0,0.0,0.0,0.0,0.0,1.1927256960482016e-10,2.932471953080083e-10
