,2012_01_27T14_53_13_coda,2012_01_27T14_53_13_envelope,2022_03_12T17_03_22_coda,2022_03_12T17_03_22_envelope
FAGN,5.587727334876264e-09,1.686536831657229e-09,2.4533653412743e-09,9.412634978376399e-10
FDMO,4.096508891232969e-09,1.0272531806036827e-09,1.7330801671980477e-10,8.599543918445289e-11
TRIB,6.8662090019983895e-09,2.171771560899857e-09,0.0,0.0
DOI,3.577427969475938e-09,1.186706311242382e-09,0.0,0.0
MTSN,2.4203604942762152e-09,7.864248193267574e-10,0.0,0.0
MCRV,2.2370897478439088e-09,6.67619385642169e-10,0.0,0.0
PF03,2.293143125624954e-09,8.182069927697171e-10,0.0,0.0
OG35,2.725393759374436e-09,7.767424978367284e-10,0.0,0.0
POFI,3.459486615858497e-09,8.001455349845869e-10,0.0,0.0
ROBS,4.214754885730399e-09,1.156848470266001e-09,3.6866180376106426e-10,1.2295423317347832e-10
TNS,9.271571773260417e-09,2.496306019735288e-09,0.0,0.0
PF11B,5.493035962765447e-09,1.70180329957055e-09,0.0,0.0
ZUR,6.080537470492577e-09,2.174268591504972e-09,6.780752871926542e-09,5.904953352859688e-10
STV,2.3607616315212328e-09,7.083925216982387e-10,0.0,0.0
PF04,1.8230438975550598e-09,7.110646716440595e-10,0.0,0.0
ROHR,8.174833601019588e-09,2.453879217954361e-09,0.0,0.0
FNEB,7.672445542499768e-09,2.760914796542131e-09,1.804489413732e-09,9.561250347732597e-10
GED4,1.0484764794564779e-10,2.886908782638163e-11,0.0,0.0
DOU,5.642100033037793e-09,1.7823846211823402e-09,0.0,0.0
CONA,9.011104952134406e-09,2.607582951259603e-09,0.0,0.0
RMP,1.0612274871813934e-08,5.357203430473828e-09,0.0,0.0
PY12B,2.2468103507970242e-09,9.294133996944155e-10,0.0,0.0
PLN,1.0937391282670844e-08,2.6859215622324704e-09,0.0,0.0
PTRJ,2.175943150714276e-09,6.777751182863041e-10,0.0,0.0
MTT2,2.6544039377061083e-09,9.060450700779003e-10,0.0,0.0
MIDA,1.447388944929934e-09,4.3102707149944176e-10,0.0,0.0
PF02,2.249772670165057e-09,6.904243392952809e-10,0.0,0.0
KBA,5.687961438334273e-09,1.8727050252324244e-09,6.210123776281496e-10,1.7945780551478597e-10
SGRT,4.703175049929643e-09,1.540002039063177e-09,0.0,0.0
GRB3,1.6259295410656057e-08,4.462717639653909e-09,0.0,0.0
GRB2,1.6822267176524726e-08,4.813346778357053e-09,0.0,0.0
GIUL,2.1585986358180793e-09,6.24464859756676e-10,0.0,0.0
WERN,7.183780450426796e-09,2.579924780216608e-09,0.0,0.0
ARCI,9.83033284910847e-10,3.6101442411377187e-10,1.673833735847828e-10,8.252132567725151e-11
VULT,7.57559071947333e-09,2.09854775426348e-09,0.0,0.0
SSFR,2.908448348068454e-09,8.631572310538555e-10,4.551019435848299e-10,2.286186237839121e-10
VITZ,1.5141030784424142e-08,4.709112190768823e-09,0.0,0.0
SATI,5.171005544959539e-09,1.3356558863021147e-09,0.0,0.0
GEB4,1.0844667810760756e-10,3.1071939581123923e-11,0.0,0.0
RUSF,2.767325745628738e-09,8.952008739345065e-10,0.0,0.0
PY23,4.452964659293264e-09,1.468089053379461e-09,0.0,0.0
PY37,2.819697874762848e-09,1.1179649510333604e-09,0.0,0.0
EMV,2.266502308948072e-09,8.74755009639753e-10,0.0,0.0
GRC2,1.2238505340678248e-08,4.3500461096873776e-09,0.0,0.0
TORNY,5.013358216953689e-09,1.4326045294840222e-09,0.0,0.0
FVI,6.240900471600707e-09,1.7855664596342435e-09,5.273617637156557e-10,1.2920229765733772e-10
ABTA,6.038336641019899e-09,1.991318383083282e-09,4.629891145038161e-10,1.5088607238785311e-10
EMBD,2.888119013171817e-09,9.229865784046547e-10,0.0,0.0
SNAL,7.559402620145106e-09,2.2641031424637798e-09,0.0,0.0
MOZS,4.913736505141331e-09,1.5109243013367132e-09,5.002143062192211e-10,1.6674234531145453e-10
GEC1,1.1530936744240516e-10,3.517221006987444e-11,0.0,0.0
PERS,3.9713944585911264e-09,1.222369832009416e-09,0.0,0.0
HWTS,1.0360791406785242e-08,2.572147189509645e-09,0.0,0.0
NEUB,2.193293414396665e-08,5.131293827571241e-09,0.0,0.0
PY16,3.542980120106183e-09,1.196328451818564e-09,0.0,0.0
PF05,3.595814276953973e-09,1.2827337093817495e-09,0.0,0.0
VVLD,2.7304375438446277e-09,7.4351607206264e-10,0.0,0.0
ECH,5.381846590360348e-09,1.5486161834596994e-09,9.93317092656022e-10,2.829636828961153e-10
GEC6,1.0730913601895068e-10,3.1062455085985356e-11,0.0,0.0
GEC4,1.0403889495643415e-10,3.088070030602087e-11,0.0,0.0
ATPC,4.668775189777504e-09,1.472038614459889e-09,4.948628420979968e-10,3.073216232176884e-10
PY11B,3.5854693615715353e-09,1.3607256817046574e-09,0.0,0.0
SCHF,6.722758160297089e-09,1.972813004739816e-09,0.0,0.0
GRA1,1.973009358845209e-08,5.503227060817946e-09,2.049458714831125e-09,7.486844495106262e-10
FETA,5.5184399656938825e-09,1.631856124107712e-09,3.762566587723234e-10,1.2598823554207021e-10
TRTR,2.6946861377500563e-08,1.3333679919430384e-08,0.0,0.0
LNSS,3.8604997311669594e-09,1.1937637845474415e-09,8.528269070876257e-10,5.265961490395837e-10
PF01,1.7355530623811383e-09,5.702492848507221e-10,0.0,0.0
NRCA,3.508366909858499e-09,9.861811360362046e-10,2.9503491983884827e-10,2.064365791356526e-10
MOA,7.59739381967592e-09,2.3584298151061647e-09,7.539285884408029e-10,1.74063462237257e-10
SMPL,1.4052363711798703e-09,4.345505745830254e-10,9.273523417865024e-10,4.6166649496306837e-10
UBBA,4.8468652615837285e-09,1.5643290078775431e-09,0.0,0.0
ROSI,9.141878229188305e-09,2.6657869343032404e-09,6.855547915197228e-10,3.0036285866478393e-10
CLL,1.1023771508903693e-08,2.86178118739549e-09,0.0,0.0
PY05,1.810295620676878e-09,6.048770559763952e-10,0.0,0.0
WBB,0.6440458065474639,0.1867399576307055,0.0,0.0
NARO,1.5267247216025624e-09,4.0914210508707287e-10,1.248199037642566e-10,7.817879202746199e-11
TRI,4.257835816461947e-09,1.2211118735753023e-09,0.0,0.0
VAGA,3.773102381892426e-09,1.104410859112434e-09,0.0,0.0
GRC1,1.4402275626225185e-08,4.078798991252647e-09,0.0,0.0
GRA2,1.1403463729524546e-08,3.992486263089407e-09,0.0,0.0
INTR,4.365001710647534e-09,1.3057729558350971e-09,0.0,0.0
GRB5,1.3122649325978633e-08,4.177003738113132e-09,0.0,0.0
FIAM,3.598014482373824e-09,1.121170292726045e-09,5.32455259298523e-10,3.151116175786072e-10
FIESA,3.6983243888645755e-09,1.4180756592418944e-09,0.0,0.0
GEC7,1.0930935774622448e-10,3.510654263965503e-11,0.0,0.0
ABSI,9.14697695959623e-09,3.010723647002006e-09,8.261410898162993e-10,2.152924616865791e-10
GRA3,1.3997579389035333e-08,4.15615977724061e-09,0.0,0.0
CADS,5.880653622934418e-09,1.9237901038699046e-09,5.198420564554577e-10,1.7661912729382228e-10
MUO,6.9364078096250705e-09,1.9964761608831166e-09,0.0,0.0
CERA,6.710881677400571e-09,2.429319425821977e-09,0.0,0.0
JAVS,5.664985301873922e-09,1.6140663412884403e-09,4.3541456606018583e-10,2.0748855120774072e-10
GED2,1.1828245946193843e-10,3.477746455357931e-11,0.0,0.0
PE03,1.8548719748327038e-09,6.809479732775105e-10,0.0,0.0
VISS,4.078352169833568e-09,1.1141194769025331e-09,3.179709371288115e-10,1.0715478978454667e-10
PE07,2.882025595272538e-09,9.99475216677316e-10,0.0,0.0
MLFH,6.964542210174068e-09,2.3139155225082363e-09,0.0,0.0
GRB4,1.6891532317043515e-08,5.045499504948196e-09,0.0,0.0
LAV9,3.4662875584332886e-08,1.3729928806205626e-08,0.0,0.0
CIGN,8.262771346976559e-09,1.8318362335258314e-09,0.0,0.0
GEB1,1.1486285824588372e-10,3.695049141078359e-11,0.0,0.0
KOSI,5.563112412289883e-09,2.17217664990773e-09,5.772041527939215e-10,2.4018250584637853e-10
GED3,1.0995037125591291e-10,3.044237470053819e-11,0.0,0.0
VNDS,4.345443454712627e-09,1.2249403384642815e-09,3.676043436921872e-10,1.5091095354549366e-10
OFFI,1.4983366815361608e-08,4.4342035787948145e-09,0.0,0.0
GRIMS,1.439988859631849e-09,5.443118328028582e-10,0.0,0.0
ARVD,2.996497643040146e-09,8.228274826143841e-10,3.4816267878589404e-10,1.8990512462548727e-10
RSP,3.181812066437068e-09,1.1607594660584235e-09,0.0,0.0
LLS,2.8763573284907156e-09,9.086723175833403e-10,0.0,0.0
RETA,6.032847736720463e-09,1.840522699091025e-09,5.508077125454373e-10,1.8901059259567673e-10
DAVA,7.454190173975887e-09,2.3459986416730275e-09,8.892262555886519e-10,2.647224994107991e-10
MOSI,1.2934992047888864e-08,4.033601077308574e-09,1.0996469719461276e-09,3.011516575841772e-10
DOBS,3.556157898984147e-09,1.1420573735190844e-09,4.0921601690343197e-10,1.1285060288675977e-10
PE16,3.1928220486324756e-09,1.1261104704570954e-09,0.0,0.0
PY09B,4.530637709614888e-09,1.676443878068145e-09,0.0,0.0
ORT2,2.404757838904245e-09,7.705676436644545e-10,0.0,0.0
GED6,1.4498935700370188e-10,3.599755934785916e-11,0.0,0.0
CERT,2.497497599143242e-09,8.434315832834144e-10,0.0,0.0
PY34B,5.2510609682528145e-09,1.68789757773159e-09,0.0,0.0
WET,8.634216370493347e-09,2.088869071037833e-09,0.0,0.0
MOCO,3.4838517754301797e-09,1.0469912050645567e-09,0.0,0.0
GBAS,3.6248355555018284e-09,9.079913961463758e-10,3.393022924461696e-10,1.3270395053330594e-10
LATE,2.2362652494101477e-09,9.096456068056619e-10,8.93950319440641e-10,5.145565270402367e-10
CAFR,2.0112495871245696e-08,7.296795036280119e-09,0.0,0.0
GRB1,1.6303501560349112e-08,4.7018625509043124e-09,0.0,0.0
GROS,3.74914930135548e-09,1.219662520728585e-09,3.775697457759083e-10,1.152936388820458e-10
WIMIS,2.954959013855606e-09,1.1547657874055703e-09,0.0,0.0
AQU,6.501643422170017e-09,2.2194223369578632e-09,0.0,0.0
MCEL,2.526172579564234e-09,7.217356754973467e-10,0.0,0.0
STU,9.969843432615132e-09,3.924122096000043e-09,2.4110394310172433e-09,1.308404645847609e-09
GED7,1.047482013525366e-10,3.055879101966919e-11,0.0,0.0
KHC,6.959117400988512e-09,1.931440923771629e-09,8.520247275104073e-10,1.7149606634126703e-10
MYKA,4.170184889503793e-09,1.3945970113475443e-09,5.889934836815332e-10,2.2915170730855645e-10
KLAUS,4.5414186425290985e-09,1.506244945231296e-09,1.9445829681296414e-09,4.942632467348921e-10
PE09,2.4418797211062683e-09,9.938765022024195e-10,0.0,0.0
PE15,1.9017454758639262e-09,8.089216647701235e-10,0.0,0.0
BRANT,8.143133608752681e-09,2.128446838527235e-09,0.0,0.0
TOLF,1.456932905997931e-09,5.220987768527332e-10,1.4439569649146228e-09,7.674204847636976e-10
CDRU,1.813106766672331e-09,4.939617382231236e-10,0.0,0.0
PF09,3.374260447757168e-09,1.1123491549765003e-09,0.0,0.0
PY35B,3.044451797339666e-09,9.754706887385815e-10,0.0,0.0
GEB3,1.0649885756975522e-10,3.0646498945857327e-11,0.0,0.0
PY30,1.924734143155353e-09,4.986890498910728e-09,0.0,0.0
BALST,7.216236834843176e-09,2.222654679126716e-09,0.0,0.0
TRBF,4.863424600079562e-09,1.6534557978555832e-09,1.5123683428728523e-09,5.16900854338379e-10
LAUCH,3.593176510682385e-09,1.291671661082091e-09,0.0,0.0
GED9,1.271163833394196e-10,3.505404917387289e-11,0.0,0.0
PF15,2.716582245175526e-09,1.149740391348621e-09,0.0,0.0
SGG,3.491098429696822e-09,8.776632010935376e-10,0.0,0.0
SULZ,1.1056646908787112e-08,3.689286268287219e-09,1.465707130167621e-09,4.773761539498737e-10
WBG,0.9803441494766332,0.2670398081263969,0.0,0.0
STAL,5.901097884313565e-09,1.7534947698850615e-09,0.0,0.0
BFO,5.821420704298936e-09,2.177603008630776e-09,5.933659698685148e-10,1.6719131291400736e-10
TREC,6.447884876423563e-09,1.951580688658788e-09,0.0,0.0
GRC3,1.2507352245491232e-08,3.579213015164294e-09,0.0,0.0
GED5,1.2379123557111327e-10,3.133628983048574e-11,0.0,0.0
ACOM,6.923429299977031e-09,2.173998524975838e-09,2.6726156031944003e-10,9.213393804056661e-11
NKC,1.0958818301477104e-08,3.0321778822989358e-09,0.0,0.0
PALZ,1.5538263181198662e-08,4.914469185985955e-09,0.0,0.0
GCIS,2.6385159157661523e-09,7.728209606501414e-10,0.0,0.0
ABG1,1.0308173585701053e-08,3.052166315898164e-09,0.0,0.0
GBRS,3.838979305928045e-09,1.137814626644828e-09,3.135510732642738e-10,1.4483045800046847e-10
PVCC,1.810085282716465e-08,5.1361730439958535e-09,0.0,0.0
TIEF,6.9344204672637394e-09,2.397034532856143e-09,0.0,0.0
HGN,3.1443105490449836e-09,1.1008983108629232e-09,7.884213554773754e-10,2.2832016424620342e-10
MODR,2.0887976580372038e-09,7.488442473208687e-10,0.0,0.0
PY28,4.551684243539578e-09,1.587588646626887e-09,0.0,0.0
BRMO,3.3200094586580877e-09,1.2335386266705794e-09,4.396474000061545e-10,1.882157622520796e-10
ZAG,2.9403174691701085e-08,1.1613235573999434e-08,0.0,0.0
GUMA,9.874885685146694e-09,2.569376722214072e-09,3.3886307557968473e-09,1.6784689164446893e-09
ARSA,6.596326972344574e-09,2.123214227505793e-09,0.0,0.0
SABO,5.658774231444553e-09,1.6718530543024024e-09,4.065509454942811e-10,1.8379299798308556e-10
PF13,2.6323688738967228e-09,9.300403221554312e-10,0.0,0.0
TAUT,1.9357305961457937e-08,5.3920013819592934e-09,0.0,0.0
LDAU,4.8295876641113664e-08,2.018050178238178e-08,0.0,0.0
GED1,1.2040592037622718e-10,3.200157596297738e-11,0.0,0.0
ATTE,2.8553175021880714e-09,9.55532263701361e-10,0.0,0.0
SAIRA,3.140220115503738e-09,1.1300685023451567e-09,0.0,0.0
PANIX,2.698805264431264e-09,8.702418676073395e-10,2.8505168669944735e-10,8.998798324555775e-11
PTQR,2.4074755458800246e-09,7.811508602049571e-10,7.487349456214812e-10,3.10373583428007e-10
MRGE,4.923948165810754e-09,1.559845963103844e-09,0.0,0.0
WMG,6.210827660276358e-09,1.899856527919452e-09,1.4230183105762862e-09,4.4643790851117934e-10
SLCN,3.390903721154146e-09,1.1169652774786048e-09,0.0,0.0
AVP,5.6505992254751305e-09,1.939329887877153e-09,0.0,0.0
CSNA,9.204460160269154e-09,2.549577580346108e-09,0.0,0.0
SNTG,3.101397178265297e-09,9.727620757435652e-10,3.052079769308748e-10,1.6676401745026353e-10
POSS,1.1617710629533436e-08,3.395478090778945e-09,0.0,0.0
SCHD,8.010949584376593e-09,2.5740899461582342e-09,0.0,0.0
MMK,2.584685653718891e-09,8.86242075595335e-10,0.0,0.0
AIGLE,4.496464923993642e-09,1.32248836779239e-09,0.0,0.0
GORS,4.929611234782169e-09,1.459038621915402e-09,3.722192268506479e-10,1.1821069981626345e-10
FSSB,2.792012421296829e-09,1.1015179374251899e-09,0.0,0.0
GEC3,1.0586396566510816e-10,3.1875327424618467e-11,0.0,0.0
PF12,4.0801973293705755e-09,1.1986779727741718e-09,0.0,0.0
MTCE,5.171517606697046e-09,2.600918607709136e-09,9.875132210760078e-10,5.74027102502142e-10
POLC,3.574310375594485e-09,1.31424891628358e-09,5.565106294932409e-10,2.6628176462847533e-10
PIEI,2.547564413402047e-09,7.657533181254352e-10,2.768146687218138e-10,1.3277629938602864e-10
PTCC,4.8510264530910714e-09,1.3247113413937204e-09,0.0,0.0
BOJS,4.142875277729446e-09,1.2465381959655279e-09,3.475749489643852e-10,1.3581424489494057e-10
MSAG,6.137365445965851e-09,1.95116116358624e-09,0.0,0.0
GRC4,1.4341371211750513e-08,5.017045514612876e-09,0.0,0.0
ATMI,9.946453541594882e-09,3.5798001844525904e-09,1.364797225119142e-09,6.499731123554934e-10
HASLI,3.764870875084064e-09,1.2626603033182106e-09,0.0,0.0
NALPS,1.5752522335588812e-09,5.053351113916757e-10,0.0,0.0
SSB,3.6836508301274764e-09,1.3378075213314031e-09,0.0,0.0
TERO,4.145123648427644e-09,1.0870971642467288e-09,7.388638039499464e-10,4.1429611218358957e-10
ROM9,2.0967473868677323e-08,1.0058918627765358e-08,0.0,0.0
MGR,1.9529883872460237e-09,6.02908932286802e-10,0.0,0.0
PE12,2.144210981801056e-09,9.61797630023802e-10,0.0,0.0
MOX,8.287382543922157e-09,2.5309457702009427e-09,0.0,0.0
WILW,2.4519212056770604e-09,8.764517962913412e-10,7.75081730612446e-10,2.7488540488557075e-10
GIMEL,3.2893695613279623e-09,1.0448908419891844e-09,0.0,0.0
SKDS,3.5135158308769636e-09,1.2144202606253284e-09,5.882929338722861e-10,3.0938061294413655e-10
VINO,2.6531870862546487e-09,8.795831801769537e-10,3.1188246651975726e-10,1.134958620821719e-10
PSB1,4.384241791920518e-09,1.433135612333496e-09,0.0,0.0
GWBC,0.6084680562229475,0.2126571813508398,0.0,0.0
PY10B,2.673629988722712e-09,1.1805781589006674e-09,0.0,0.0
GEA1,1.1067383218640136e-10,3.438243983846392e-11,0.0,0.0
CMPR,1.7093948330601895e-09,5.712432878729863e-10,0.0,0.0
WLF,8.777057730253388e-09,2.7240402202931393e-09,1.95415087758438e-09,5.326533706629923e-10
ACER,7.545826714904297e-09,2.257021363664004e-09,0.0,0.0
PE06,3.1148657799372404e-09,1.3597637834385192e-09,0.0,0.0
BNALP,3.541171127205189e-09,1.1603325902904471e-09,0.0,0.0
CRES,3.66396612231996e-09,1.075436204024432e-09,3.2594044890647525e-10,1.3912803865351126e-10
1980,5.950860113095128e-09,1.924248427380327e-09,0.0,0.0
PY3AB,2.214910490067938e-09,6.66496904048239e-10,0.0,0.0
CEY,4.0085659407646355e-09,1.3828138729074584e-09,4.32694761570101e-10,1.7563320082464066e-10
CING,4.023950890511365e-09,1.2393626230253275e-09,0.0,0.0
GEB2,1.1016518145008134e-10,3.274804580112116e-11,0.0,0.0
TRIV,1.0223440707976261e-08,2.7005510541395473e-09,0.0,0.0
WLS,4.840835213144105e-09,1.5734825378393635e-09,1.1629499078220471e-09,3.428771428940679e-10
GUNZ,1.0508677749777267e-08,2.8525146099436204e-09,0.0,0.0
GEA3,1.14895624895251e-10,3.2898501953503944e-11,0.0,0.0
EJON,1.7962340463772551e-09,9.584597215571551e-10,1.4498241071615657e-09,7.225481530187624e-10
PY06,1.8797444571587235e-09,6.596586759477585e-10,0.0,0.0
PESA,1.0013911390723116e-08,3.435916685205032e-09,0.0,0.0
SJAF,4.613026606969083e-09,2.179032690372248e-09,2.3593740677884574e-09,1.2698826856188058e-09
MURB,8.323476525683436e-09,2.405417766938451e-09,1.081870339585564e-09,3.5056958839687945e-10
PY27B,8.478241260547626e-09,2.86926481439391e-09,0.0,0.0
FUORN,3.3724722133855644e-09,1.1555087529762563e-09,3.604507000182958e-10,1.0265682497730345e-10
SIMPL,2.730030929466817e-09,1.0095921646490259e-09,0.0,0.0
OGDI,1.8296180148247598e-09,5.97275786746339e-10,0.0,0.0
VDL,3.4141012740982607e-09,1.1003799953075403e-09,4.0570227026527215e-10,1.4854551342045553e-10
GED8,9.37297708763847e-11,3.118801240382455e-11,0.0,0.0
PY04,8.555444265554107e-09,2.923024611109975e-09,0.0,0.0
MOMA,2.661448038250067e-09,7.578170592179357e-10,2.9143449465034265e-10,1.8272796415217397e-10
CLF,1.3725811916648568e-08,3.8613237489120735e-09,2.7070654989398163e-09,7.611853787811242e-10
SLE,5.107720111692688e-09,1.572062100972815e-09,5.978984735337861e-10,1.9694859577065132e-10
PY36B,1.795845440440877e-09,6.220025667602701e-10,0.0,0.0
FBE,4.250046262835161e-08,9.93798099728081e-09,0.0,0.0
T0104,5.380760224582136e-09,3.6548924663495366e-09,0.0,0.0
WERD,3.042410093212001e-09,8.016737218591791e-10,0.0,0.0
LSD,3.6489175835822316e-09,1.0665972845158448e-09,0.0,0.0
GEB5,1.1902534529174112e-10,3.665172434039773e-11,0.0,0.0
SURF,2.1783815153055724e-09,6.043069984591697e-10,0.0,0.0
GRFO,1.490646299846455e-08,4.2936270982107096e-09,1.1051579942466006e-09,3.749119413103898e-10
RNI2,6.9917002380865745e-09,1.869413255310156e-09,0.0,0.0
MELA,9.99008353552753e-09,2.684097187190346e-09,0.0,0.0
TUE,4.8033974345571585e-09,1.5226138087379987e-09,0.0,0.0
CESI,2.480858957577092e-09,6.167061629446483e-10,4.3516957285347037e-10,2.347487197456482e-10
FRES,7.545624218568917e-09,2.1762011234945622e-09,0.0,0.0
RSL,1.691094604900312e-09,5.563395608847366e-10,0.0,0.0
PLONS,3.6848815015800923e-09,1.2629375360373495e-09,4.462454120422974e-10,3.1466080933397285e-10
PRU,8.900025097530183e-09,2.059360824186193e-09,0.0,0.0
MULD,7.191309342912056e-09,2.508865405859558e-09,0.0,0.0
LJU,5.365806211032091e-09,1.573548598114162e-09,1.5713052532923622e-09,5.585696096585379e-10
LIENZ,5.278920348968821e-09,1.7184998066412503e-09,5.166524462485968e-10,1.7430629042782834e-10
OBKA,5.343585349083872e-09,1.684493418057637e-09,5.038288233182503e-10,1.378922466849858e-10
AVR,1.9324059973722e-09,6.434548038923724e-10,0.0,0.0
GEA2,1.1472482876501736e-10,3.458028959706164e-11,0.0,0.0
WIMM,1.0022922453013261e-08,2.725612080723904e-09,0.0,0.0
DIX,2.3865381958066957e-09,7.768985375825315e-10,0.0,0.0
BOSI,4.6247750207366495e-08,2.0193611809519023e-08,0.0,0.0
SAMA,5.215891567261926e-09,2.787831777874679e-09,0.0,0.0
OGAG,1.8200542213136171e-09,6.759557353591774e-10,0.0,0.0
PGT2,1.803936523737809e-09,5.463767835715027e-10,0.0,0.0
PY32,1.845482197634899e-09,5.910758147643634e-10,0.0,0.0
PY13,1.60513653545557e-09,6.723773772005457e-10,0.0,0.0
KNDS,5.245905155741138e-09,1.500445962568584e-09,6.135402121716388e-10,2.473838886168138e-10
PY31,3.034651857084306e-09,7.345174481914758e-10,0.0,0.0
LILIE,4.366553202845991e-09,1.6121806464109852e-09,1.042109162044482e-09,3.3579409422957616e-10
PF07,3.292640194430714e-09,9.434035955584934e-10,0.0,0.0
PY39,2.463608135164024e-09,7.056582628769466e-10,0.0,0.0
PE05,2.072382544731469e-09,7.826825811233501e-10,0.0,0.0
PZZ,4.3273588190872496e-09,1.350865915033077e-09,0.0,0.0
PZUN,9.240401566801782e-09,4.080059236356739e-09,0.0,0.0
MRLC,2.866302298600057e-09,8.486327304859323e-10,0.0,0.0
BNI,2.1927303461579767e-09,7.901331181421097e-10,0.0,0.0
AHRW,7.8395708635639e-09,2.375720493652501e-09,0.0,0.0
PY19,2.269440749685449e-09,8.756879822074296e-10,0.0,0.0
VANNI,3.392961172476221e-09,1.1491071279167723e-09,0.0,0.0
SACR,3.140452430618072e-09,9.64476390037337e-10,0.0,0.0
PF06,1.5998443885444724e-09,5.70397860151159e-10,0.0,0.0
BRG,7.748859803157384e-09,1.9622849919794267e-09,0.0,0.0
SOKA,4.14613866758161e-09,1.3127584474250383e-09,3.565409265377613e-10,1.0055460720486245e-10
MAON,1.9618354394045816e-09,6.771874416908576e-10,0.0,0.0
PE02,1.8170409789528795e-09,8.704489311828674e-10,0.0,0.0
HKWD,8.139073528055585e-09,2.3270839474859957e-09,0.0,0.0
MA9,2.2624327239825507e-08,1.2808458690014402e-08,0.0,0.0
ATVO,4.792424142752642e-09,1.3233965300727444e-09,4.5931111486136985e-10,1.8260841246117275e-10
PF14,2.758191685802951e-09,1.0158009689031084e-09,0.0,0.0
WBA,0.7846757782859773,0.2190551460404301,0.0,0.0
GEPF,2.5597691095899274e-09,7.715074878599638e-10,4.355365116585473e-10,1.8766906342805554e-10
GUAR,1.731648841874816e-09,4.671373571125182e-10,5.953411098903099e-10,2.9001662430426636e-10
GEC5,9.691960293564492e-11,3.123322645290238e-11,0.0,0.0
CFF,1.1005804075893477e-08,4.275650784705887e-09,9.72920051402754e-09,4.589806603739845e-09
CRNS,4.033704572005642e-09,1.2715199287534703e-09,5.695741887077208e-10,2.5266377610451256e-10
BOURR,9.966006202558643e-09,2.913389826773505e-09,0.0,0.0
PY29B,2.414435820034748e-09,7.546001929380854e-10,0.0,0.0
ARSD,2.859460704770373e-09,8.657680612310718e-10,7.582413891746174e-10,1.9212016164036832e-10
SENIN,3.133899956287045e-09,9.996309081101402e-10,0.0,0.0
ATFO,5.071936694687941e-09,1.7111613325912759e-09,6.391821437106305e-10,3.344753763938398e-10
MEM,4.080735767834334e-09,1.2443258978071886e-09,7.913063036981511e-10,2.1884636923555159e-10
SACS,3.110159895391165e-09,1.1611505586356366e-09,4.6140012716482536e-10,2.3705507283342144e-10
AGOR,1.1521445826097397e-08,2.4181377729666434e-09,2.7568447328805703e-10,1.361861634422555e-10
PY18B,3.835513868915622e-09,1.3666603477952035e-09,0.0,0.0
FUR,1.1371962200606631e-08,4.030731635317411e-09,0.0,0.0
PF10,6.9325594653802515e-09,2.199294745406709e-09,0.0,0.0
VOJS,3.9568377166061734e-09,1.375767133780566e-09,4.0549457824422917e-10,1.607589871182057e-10
GEA0,1.1526361224272836e-10,3.4317070175781754e-11,0.0,0.0
FUSIO,3.291666883846269e-09,1.3029315135145875e-09,0.0,0.0
PY38,2.6800978564119307e-09,1.0088110054002315e-09,0.0,0.0
PY17,5.210641355657201e-09,2.2847330959238433e-09,0.0,0.0
AOI,2.915664516026172e-09,1.166302032020402e-09,0.0,0.0
DAVOX,2.463139410354973e-09,9.307692950724951e-10,3.1691332926556194e-10,1.0212407504515895e-10
1982,3.6688053724370775e-08,1.931195680358949e-08,0.0,0.0
BHB,1.2542611003074712e-09,4.432013511892704e-10,0.0,0.0
BSSO,5.169053590076497e-09,1.3896921764906904e-09,0.0,0.0
CESX,2.736278711295389e-09,8.909998672093067e-10,6.244612440212531e-10,3.431583979707515e-10
RISI,2.676665015140233e-09,1.1291663823033458e-09,0.0,0.0
WILA,5.590584204139892e-09,1.870445043011629e-09,7.601547705134022e-10,2.537997852731828e-10
BORF,0.0,0.0,5.687671807675457e-10,1.7994515381449375e-10
CORG,0.0,0.0,3.7790231961853905e-10,1.6987354581132325e-10
ZVGAR,0.0,0.0,6.044235500552567e-10,2.9198059787366993e-10
EPF,0.0,0.0,6.269578999601678e-10,2.0723173822645667e-10
VDR,0.0,0.0,2.851898665197061e-10,1.052239606343406e-10
RIAF,0.0,0.0,1.0000859622788354e-09,2.966396083406289e-10
RONF,0.0,0.0,6.106041137532728e-10,1.64578269527517e-10
GAGG,0.0,0.0,1.0591407991748028e-10,4.017707827500087e-11
MABI,0.0,0.0,1.1904575508611824e-09,5.60116472626554e-10
SARZ,0.0,0.0,2.279745365469008e-09,1.1195744798358814e-09
FUSE,0.0,0.0,3.224654808959903e-10,1.4395782337055034e-10
CSNT,0.0,0.0,3.9622095889648103e-10,2.227317390538064e-10
FNVD,0.0,0.0,7.769676229156543e-10,3.446157536614606e-10
LAJAS,0.0,0.0,7.475161536905676e-10,3.219751513911847e-10
URDF,0.0,0.0,2.7408264071803132e-09,1.1181189883936642e-09
GENF,0.0,0.0,5.170038087984243e-10,1.6795985925442303e-10
VIEF,0.0,0.0,1.016801235049823e-09,3.3897253819842385e-10
NEUF,0.0,0.0,1.3793892956242223e-09,5.778979737430318e-10
SGSF,0.0,0.0,4.682563679117704e-10,1.7763717882190142e-10
ROTHE,0.0,0.0,7.817489137906217e-10,2.531566071860558e-10
CRAS,0.0,0.0,8.652484393924593e-10,2.58221094408848e-10
MSSA,0.0,0.0,3.6650373877502562e-09,1.106450065994795e-09
OPTB,0.0,0.0,2.089279710584143e-09,7.366305241131514e-10
CTRE,0.0,0.0,4.74275541380235e-10,1.9660906743955904e-10
BIOA,0.0,0.0,9.403999940631392e-10,2.6273885306791276e-10
ORDF,0.0,0.0,8.852564595063594e-10,2.3106267195319307e-10
ILLF,0.0,0.0,1.7299530177827868e-09,7.902958779490566e-10
SOMF,0.0,0.0,6.97456759845679e-10,2.2635764382640678e-10
EMING,0.0,0.0,3.352533085788805e-10,9.91561896361222e-11
WALHA,0.0,0.0,4.5279476063624536e-10,1.4373354557850502e-10
BALS,0.0,0.0,1.1256082890570772e-09,4.441337307993451e-10
SALF,0.0,0.0,8.728927280010292e-10,3.1337819967163375e-10
CIMO,0.0,0.0,1.8879503498588165e-10,4.772065756671026e-11
BRGF,0.0,0.0,5.133706651422445e-10,1.7154271854581967e-10
DOSS,0.0,0.0,3.15581599450128e-10,1.1786963374662508e-10
ZCCA,0.0,0.0,8.118721356319478e-10,3.803058714251552e-10
PLRO,0.0,0.0,6.898211454433901e-10,1.6171211185497082e-10
RUFF,0.0,0.0,1.232354318228937e-09,4.392070528466981e-10
A074B,0.0,0.0,3.1388318050424114e-10,7.452452219827719e-11
CKRC,0.0,0.0,8.666638464885654e-10,1.7638412401349139e-10
ROMAN,0.0,0.0,7.045907591869117e-10,3.26403222502998e-10
RESF,0.0,0.0,8.96113752495821e-10,3.4049393732307873e-10
OPPE,0.0,0.0,1.4867276461642785e-08,1.2298628918529515e-08
CRTC,0.0,0.0,1.7907850842359578e-09,1.2218664680944478e-09
BEGF,0.0,0.0,1.3780738412913192e-09,3.433923193127123e-10
VILS,0.0,0.0,1.089132857890075e-09,3.7496258494371925e-10
WTTA,0.0,0.0,6.389821598094483e-10,1.8338065747434523e-10
SAVF,0.0,0.0,7.056725167083944e-10,2.088006169771179e-10
WATA,0.0,0.0,6.260609014927957e-10,2.21606627850902e-10
CRMI,0.0,0.0,3.498226490685619e-10,1.8749391623781575e-10
CBRU,0.0,0.0,7.916149881169156e-10,3.6499423627256236e-10
WGT,0.0,0.0,5.205638356270647e-10,1.727354674389713e-10
GORR,0.0,0.0,9.605077068521788e-10,4.948849017773129e-10
ZAVS,0.0,0.0,5.785252963883761e-10,2.2128980005500307e-10
ARBS,0.0,0.0,7.12580305401478e-10,2.186503748427668e-10
SALO,0.0,0.0,9.274921294108512e-10,5.15581222349622e-10
CRE,0.0,0.0,3.4900234119510017e-10,1.70085312478473e-10
VMV,0.0,0.0,4.00926666625048e-10,1.5971007399070964e-10
CASP,0.0,0.0,2.2248330445942363e-09,1.0461799919065518e-09
RSM2,0.0,0.0,2.2486500279503953e-09,1.0926544105080344e-09
MELF,0.0,0.0,3.898320488892989e-10,1.4896916341256036e-10
BETHI,0.0,0.0,8.108459464381536e-10,2.1263303187099866e-10
LFF,0.0,0.0,1.3063589838438976e-09,4.2069228175883666e-10
BARI,0.0,0.0,3.462034048726678e-09,1.0592416772803956e-09
REST,0.0,0.0,9.054799871997414e-10,4.663099553972257e-10
LOR,0.0,0.0,6.75690793125262e-10,2.0431680046078332e-10
IMI,0.0,0.0,1.3455581402210345e-09,6.840464448113994e-10
BSTF,0.0,0.0,1.474865586941985e-09,7.669806520816516e-10
RNCA,0.0,0.0,6.252744745128608e-10,3.6878416714543596e-10
CURIE,0.0,0.0,7.696802884353024e-09,3.5101024121187535e-09
ROVR,0.0,0.0,1.1250695086174508e-09,5.961106998984985e-10
PDKS,0.0,0.0,4.6344943125998594e-10,1.7811170955443832e-10
CRNF,0.0,0.0,7.771055663305581e-10,2.435718327959704e-10
ASSB,0.0,0.0,5.001641347313266e-10,2.6985113260345226e-10
MUTEZ,0.0,0.0,1.141893281440106e-09,4.823161562072475e-10
VMAN,0.0,0.0,5.060733331020724e-09,5.340296813284844e-09
MOLES,0.0,0.0,6.174287000594914e-10,2.0610493098146146e-10
MTRZ,0.0,0.0,8.685125970269873e-10,4.090148834129743e-10
ORZI,0.0,0.0,9.097486419400949e-09,4.650790211377844e-09
BERNI,0.0,0.0,2.515578175998583e-10,9.523272975094168e-11
SQTA,0.0,0.0,6.178981111482114e-10,1.852290418645695e-10
RJF,0.0,0.0,7.714613782961647e-10,2.437258491233226e-10
MFF,0.0,0.0,9.52648990488052e-10,2.681569692640393e-10
CLAF,0.0,0.0,1.6396276532610915e-09,9.157753037224045e-10
SAOF,0.0,0.0,9.652029234802178e-10,5.126543344161885e-10
BESN,0.0,0.0,1.4530289586317037e-09,4.855072732828605e-10
CGAR,0.0,0.0,1.3614763117293326e-09,6.619074803472532e-10
ZELS,0.0,0.0,2.7360566102756023e-09,1.4421743931357781e-09
A024B,0.0,0.0,1.0971057997802264e-09,4.793363616088001e-10
LATF,0.0,0.0,9.711703066500699e-10,3.4199027526525336e-10
CLUD,0.0,0.0,3.263915633381962e-10,1.0535654937771315e-10
FRNF,0.0,0.0,5.092089078105281e-10,1.744039656014127e-10
FLAF,0.0,0.0,1.3541909777854256e-09,5.617974335156798e-10
MUG01,0.0,0.0,4.459730503865002e-09,2.3736343738005045e-09
HRSF,0.0,0.0,5.047423479260914e-10,1.5484133917969344e-10
DUDEL,0.0,0.0,3.2057477705877377e-09,1.5681685465132585e-09
DUNF,0.0,0.0,8.872728887885951e-10,3.493376410019282e-10
A072A,0.0,0.0,2.763046656570283e-10,6.300957005767744e-11
MUGIO,0.0,0.0,3.669401020221826e-10,1.2602059640260326e-10
A077A,0.0,0.0,3.71692489382192e-10,9.879008703507616e-11
LOUF,0.0,0.0,8.540465319321402e-10,2.416368394360882e-10
MTLF,0.0,0.0,7.957701074658543e-10,2.797820899435956e-10
VISG,0.0,0.0,1.4644895593091937e-10,7.52445219445937e-11
CLEV,0.0,0.0,2.8178183786501156e-09,8.724248089439327e-10
ARTF,0.0,0.0,2.3355045849087542e-09,1.3605300290789122e-09
PRED,0.0,0.0,1.5406513154776588e-10,4.583710324644617e-11
CEST,0.0,0.0,5.384879851363385e-10,2.1631890435163773e-10
BALD,0.0,0.0,2.129779729030328e-09,1.108425829053037e-09
LESA,0.0,0.0,5.237233918332725e-10,1.7364073278504625e-10
BRIS,0.0,0.0,2.6264273157194927e-10,1.3962080461310945e-10
ABJF,0.0,0.0,5.796794922136785e-10,1.8528896552835813e-10
SROF,0.0,0.0,1.058059678488491e-09,2.9520987960704086e-10
OSSF,0.0,0.0,4.1460498423721646e-10,1.7320236644834165e-10
BSCF,0.0,0.0,1.4607840225416298e-09,3.8368639627704973e-10
CLMF,0.0,0.0,1.5692093080520761e-09,4.789226182532306e-10
CANO,0.0,0.0,1.9305450998766506e-09,9.83583614705158e-10
RUMEL,0.0,0.0,1.3766469984328808e-09,4.754979164791397e-10
NIMR,0.0,0.0,6.310949756230163e-09,3.453711499579047e-09
XAFF,0.0,0.0,7.073383264972696e-10,2.2691214771843428e-10
MVIF,0.0,0.0,5.708732389275681e-10,2.745807628842295e-10
TRULL,0.0,0.0,1.856522396474534e-09,7.637933674213917e-10
ETSF,0.0,0.0,5.445041637424017e-10,1.8299739109819798e-10
TURF,0.0,0.0,1.104355172361414e-09,6.168336964185607e-10
REYF,0.0,0.0,5.625989331925693e-10,1.6230117742780308e-10
HOHE,0.0,0.0,1.508841907249407e-09,7.069151678717693e-10
CAVN,0.0,0.0,7.149684682983158e-10,2.747037535860072e-10
GZNF,0.0,0.0,5.177972335140781e-10,1.5118981863637228e-10
GRAM,0.0,0.0,5.551086464143161e-10,2.63679818539518e-10
VIVA,0.0,0.0,7.212788739252276e-09,4.470953542768552e-09
GIGS,0.0,0.0,1.0755110258471436e-10,5.4236537442281017e-11
A073A,0.0,0.0,4.706325368977518e-10,3.079592436757141e-10
RORO,0.0,0.0,8.705671845189356e-10,4.798945116346743e-10
GIZF,0.0,0.0,2.037535358078268e-09,8.012104720606245e-10
EQUI,0.0,0.0,3.999842509468391e-10,2.3288244190639524e-10
LABF,0.0,0.0,1.1378654918284655e-09,3.3644232716292215e-10
ETNF,0.0,0.0,7.519092274965964e-10,2.2835119188132565e-10
MANO,0.0,0.0,9.792412820716093e-10,4.166691647750274e-10
VIA,0.0,0.0,8.048027625578428e-10,3.2779835948993193e-10
MAME,0.0,0.0,2.1188992778327904e-09,1.1186817907955124e-09
MPRI,0.0,0.0,2.2304185917913476e-10,8.134495322704188e-11
ATE,0.0,0.0,6.828863151086651e-10,2.3474024549872633e-10
ESCA,0.0,0.0,1.9755088004740936e-09,8.470347260633438e-10
CARF,0.0,0.0,1.4542943863278186e-09,6.071330303594178e-10
VARN,0.0,0.0,2.071003914184374e-10,8.467764485812908e-11
GNEF,0.0,0.0,6.052592774552005e-10,1.8056348079077915e-10
BEBN,0.0,0.0,1.863826958844454e-09,7.982226708918318e-10
CSOR,0.0,0.0,6.968966375102977e-10,2.670457750656687e-10
GSCL,0.0,0.0,3.3105179006054747e-10,1.4547016838134374e-10
AGLI,0.0,0.0,1.0491233157172162e-09,6.27224229741256e-10
SLVF,0.0,0.0,4.4064106554413614e-10,1.7948936735962612e-10
CORI,0.0,0.0,7.333729324047115e-10,3.1161619752207727e-10
SENA,0.0,0.0,7.167415448586929e-10,3.165631968416521e-10
GUEF,0.0,0.0,1.0694284830095186e-09,3.432107025886173e-10
PALA,0.0,0.0,3.2297184779107657e-10,9.509405185229463e-11
PII,0.0,0.0,5.744124235538559e-10,3.5101533950790743e-10
IRAF,0.0,0.0,1.0674907706644687e-09,3.1347865265717717e-10
LBL,0.0,0.0,5.187357402437243e-10,1.6280205262731242e-10
TSDF,0.0,0.0,1.8104859085479742e-09,6.196693862412902e-10
PYLO,0.0,0.0,1.3309121698855522e-09,4.679566334939797e-10
BOUF,0.0,0.0,8.689355353202022e-10,2.841357300993995e-10
RCHB,0.0,0.0,5.377743034069043e-10,1.6546370684959371e-10
DRE,0.0,0.0,2.5148145539190066e-10,1.2443517770982254e-10
MLZA,0.0,0.0,9.993746278152247e-10,3.2571895146853904e-10
CCAS,0.0,0.0,1.1212145759302514e-09,5.304525754633006e-10
CLLI,0.0,0.0,5.367011775687566e-10,2.371497856110505e-10
SRES,0.0,0.0,4.3170438779135526e-10,1.6268174180542612e-10
MORSI,0.0,0.0,6.592745936650423e-10,3.750835732908505e-10
LMD,0.0,0.0,1.9442207390389845e-10,8.66779020924549e-11
A071A,0.0,0.0,8.294102549000982e-10,5.897406240714994e-10
BOO,0.0,0.0,2.8262879908730697e-10,1.0088229677364966e-10
HELF,0.0,0.0,1.4904440443821652e-09,5.630487377771838e-10
PRIMA,0.0,0.0,1.5354208382765148e-07,9.197661783496897e-08
DAGMA,0.0,0.0,1.0722963913213083e-09,3.4711258673767433e-10
TRIGF,0.0,0.0,6.122465586707541e-10,3.2211749011818287e-10
MIGAL,0.0,0.0,1.8283694521302647e-09,9.69534028571562e-10
BOST,0.0,0.0,8.271241266153487e-10,4.543759869758319e-10
HMNX,0.0,0.0,5.655295018228662e-09,2.6684377847237617e-09
CHIF,0.0,0.0,1.269763435563603e-09,4.2272778497894567e-10
MDI,0.0,0.0,6.520734173202034e-10,2.5509158886270844e-10
EMMET,0.0,0.0,5.485163934497309e-10,1.7920314380142875e-10
VERF,0.0,0.0,5.883529313883892e-10,1.515297545287628e-10
FILF,0.0,0.0,1.307693526323084e-09,5.780717485442355e-10
MOTA,0.0,0.0,6.415824645085941e-10,1.7893499324594414e-10
GARF,0.0,0.0,6.693206070285555e-10,1.9819537804032974e-10
AJAC,0.0,0.0,7.310444978126718e-10,4.2983049823247717e-10
LEUC,0.0,0.0,6.179651468406828e-10,2.1252001592258217e-10
CFON,0.0,0.0,7.379786698079527e-10,2.8168359472938806e-10
CARD,0.0,0.0,9.038235640560406e-10,2.9149651103722983e-10
APEC,0.0,0.0,3.338023097037616e-10,1.6309496156741335e-10
BERGE,0.0,0.0,6.751741546749544e-10,1.9583036795153137e-10
VOEL,0.0,0.0,1.2805045984054744e-09,4.880132536635636e-10
ZVC,0.0,0.0,7.306810974983984e-10,2.224165446152839e-10
TERF,0.0,0.0,1.1566975268007265e-09,4.2065065752725805e-10
CIEL,0.0,0.0,1.7470630638857032e-09,6.31850713526385e-10
PAND,0.0,0.0,1.5462162449452278e-09,5.478524642301444e-10
CBEU,0.0,0.0,1.107425488024922e-09,5.516589500626415e-10
WALT,0.0,0.0,3.504471046726263e-09,9.968398621198754e-10
BOB,0.0,0.0,9.093160139825141e-10,3.7985077441111603e-10
CPAL,0.0,0.0,1.6430392960135843e-09,1.181282165347706e-09
PLEF,0.0,0.0,1.1451452207111575e-09,3.520039862405708e-10
MLS,0.0,0.0,1.493893175601952e-09,5.566293979217372e-10
BANN,0.0,0.0,5.713931923273654e-10,1.9421588659399224e-10
EILF,0.0,0.0,5.3509220861027844e-09,3.0433678437423122e-09
BAD,0.0,0.0,5.034555362912245e-10,1.7862131931200683e-10
LRVF,0.0,0.0,4.255200225360601e-09,1.7722437834794949e-09
MILN,0.0,0.0,1.6532570450368025e-08,8.655445613094056e-09
CALF,0.0,0.0,1.4359800153322518e-09,5.992909049658704e-10
TERZ,0.0,0.0,6.448586828891355e-10,2.1543478623624988e-10
DAUF,0.0,0.0,7.560882346178451e-10,2.430978408985278e-10
UCC,0.0,0.0,6.484065465366828e-10,3.036414669239971e-10
AGO,0.0,0.0,6.726967382000117e-10,1.6912538043108968e-10
METMA,0.0,0.0,5.313679414093011e-10,1.7658564709315205e-10
MARN,0.0,0.0,1.0164486087798329e-09,4.4801934922439893e-10
KIND,0.0,0.0,1.1805590033951173e-09,3.762969841398379e-10
ELSH,0.0,0.0,1.7924807834478168e-09,6.907056181055831e-10
HARD,0.0,0.0,1.03686779045141e-09,3.285728615338298e-10
WTSB,0.0,0.0,1.3826571041501783e-09,7.930796444733884e-10
SRNF,0.0,0.0,1.2520924725950106e-09,4.976452117644298e-10
CARA,0.0,0.0,6.073674214124942e-10,2.143124222836143e-10
MGAB,0.0,0.0,4.726205964679339e-10,2.7834148781629613e-10
KLB,0.0,0.0,8.121427521364736e-10,2.3897031957283295e-10
SEI,0.0,0.0,1.6162393071380835e-09,7.946614010513625e-10
MTNF,0.0,0.0,8.913068301462116e-10,2.462332127530669e-10
FDGR,0.0,0.0,2.9117015669347312e-09,1.2384344674398643e-09
MONQ,0.0,0.0,1.7462425992790934e-09,6.011120406079366e-10
LUSI,0.0,0.0,2.6530383014136036e-10,1.0568946312850886e-10
OSSC,0.0,0.0,5.78104725112253e-10,3.4625738066973533e-10
CAE,0.0,0.0,2.2367997138336873e-10,9.172099530768732e-11
MON,0.0,0.0,1.7960590162275028e-08,7.190574145594765e-09
VALC,0.0,0.0,5.676135597712584e-10,2.4749139143176354e-10
ROLD,0.0,0.0,2.0575635026033757e-08,1.3435673111607814e-08
ETLBK,0.0,0.0,1.3845489218545614e-09,6.036466359503427e-10
BOSL,0.0,0.0,1.2364616993165682e-10,5.512458116861737e-11
HAUIG,0.0,0.0,9.570162916474353e-10,4.718231173275143e-10
XBFO,0.0,0.0,6.121702643125562e-10,1.7185302642045297e-10
VALM,0.0,0.0,3.5319362882452963e-09,1.9752646170563214e-09
LGIF,0.0,0.0,7.506387058324263e-10,2.963470132145973e-10
ACB,0.0,0.0,2.0971216827631306e-09,7.297421414665663e-10
PCP,0.0,0.0,6.527934597661178e-10,3.8466497295534733e-10
MLN,0.0,0.0,4.6453156440279663e-10,1.6624150501697328e-10
PGF,0.0,0.0,7.934734831340081e-10,4.220454912004923e-10
LEMB,0.0,0.0,1.3021784346535392e-09,3.9440629368306164e-10
ARBF,0.0,0.0,2.635338641603071e-09,1.2336909612160449e-09
STR,0.0,0.0,8.291844590857442e-09,3.940492496279118e-09
BDI,0.0,0.0,3.7826666460440357e-10,2.240749209355906e-10
QLNO,0.0,0.0,8.526329799188863e-10,5.028567819434852e-10
